"Date","PrevHoldings","PrevHoldings_Pct","PrevCash","TodayClosingHoldings","TodayClosingCash"
"2020-01-02","0.00","0.00","10000000.00","9921341.39","0.00"
"2020-01-03","9999932.64","1.00","0.00","9794550.25","0.00"
"2020-01-06","9920944.79","0.99","0.00","9751417.69","0.00"
"2020-01-07","9794836.25","0.98","0.00","9711752.67","0.00"
"2020-01-08","9751935.63","0.98","0.00","9825164.59","0.00"
"2020-01-09","9711529.89","0.97","0.00","9829519.68","0.00"
"2020-01-10","9824768.63","0.98","0.00","9916769.79","0.00"
"2020-01-13","9829520.81","0.98","0.00","10007377.99","0.00"
"2020-01-14","9916467.95","0.99","0.00","9938078.43","0.00"
"2020-01-15","10008121.37","1.00","0.00","9939141.52","0.00"
"2020-01-16","9938198.33","0.99","0.00","9962568.26","0.00"
"2020-01-17","9939270.83","0.99","0.00","10004676.11","0.00"
"2020-01-20","9963135.18","1.00","0.00","10004318.95","0.00"
"2020-01-21","10004318.95","1.00","0.00","10004156.77","0.00"
"2020-01-22","10004156.77","1.00","0.00","10004111.27","0.00"
"2020-01-23","10004111.27","1.00","0.00","10003888.42","0.00"
"2020-01-24","10003888.42","1.00","0.00","10004534.39","0.00"
"2020-01-27","10004534.39","1.00","0.00","10004522.67","0.00"
"2020-01-28","10004522.67","1.00","0.00","10004394.66","0.00"
"2020-01-29","10004394.66","1.00","0.00","9246599.07","0.00"
"2020-01-30","10004814.90","1.00","0.00","9232494.53","0.00"
"2020-01-31","9246629.76","0.92","0.00","9084228.86","0.00"
"2020-02-03","9232599.62","0.92","0.00","9215609.74","0.00"
"2020-02-04","9084527.63","0.91","0.00","9244300.67","0.00"
"2020-02-05","9215567.12","0.92","0.00","9457385.02","0.00"
"2020-02-06","9244262.11","0.92","0.00","9289289.87","0.00"
"2020-02-07","9457081.39","0.95","0.00","9239012.06","0.00"
"2020-02-10","9289132.43","0.93","0.00","9332916.69","0.00"
"2020-02-11","9239044.06","0.92","0.00","9466901.00","0.00"
"2020-02-12","9333005.43","0.93","0.00","9452248.75","0.00"
"2020-02-13","9466865.25","0.95","0.00","9507713.90","0.00"
"2020-02-14","9452516.40","0.95","0.00","9490656.47","0.00"
"2020-02-17","9507544.93","0.95","0.00","9435524.37","0.00"
"2020-02-18","9491206.91","0.95","0.00","9495840.73","0.00"
"2020-02-19","9435754.72","0.94","0.00","9464848.97","0.00"
"2020-02-20","9496066.12","0.95","0.00","9463455.33","0.00"
"2020-02-21","9464608.74","0.95","0.00","9382002.76","0.00"
"2020-02-24","9463158.86","0.95","0.00","9333404.67","0.00"
"2020-02-25","9382180.43","0.94","0.00","9245594.89","0.00"
"2020-02-26","9333311.79","0.93","0.00","9002498.62","0.00"
"2020-02-27","9246059.75","0.92","0.00","9002603.44","0.00"
"2020-02-28","9002603.44","0.90","0.00","8929867.02","0.00"
"2020-03-02","9002602.65","0.90","0.00","9046360.58","0.00"
"2020-03-03","8929600.23","0.89","0.00","9109020.28","0.00"
"2020-03-04","9046625.94","0.90","0.00","9190888.98","0.00"
"2020-03-05","9108970.48","0.91","0.00","9106692.08","0.00"
"2020-03-06","9190424.80","0.92","0.00","8745273.28","0.00"
"2020-03-09","9106465.12","0.91","0.00","8865990.38","0.00"
"2020-03-10","8745458.22","0.87","0.00","8783541.79","0.00"
"2020-03-11","8866006.18","0.89","0.00","8328936.90","0.00"
"2020-03-12","8783271.90","0.88","0.00","8006678.62","0.00"
"2020-03-13","8328769.89","0.83","0.00","7649193.36","0.00"
"2020-03-16","8006439.43","0.80","0.00","7348451.11","0.00"
"2020-03-17","7648917.76","0.76","0.00","7232972.70","0.00"
"2020-03-18","7348409.63","0.73","0.00","6672330.23","0.00"
"2020-03-19","7232928.84","0.72","0.00","7099848.08","0.00"
"2020-03-20","6672447.58","0.67","0.00","6899227.77","0.00"
"2020-03-23","7099843.91","0.71","0.00","7311002.19","0.00"
"2020-03-24","6899327.08","0.69","0.00","7608336.09","0.00"
"2020-03-25","7311032.72","0.73","0.00","7670860.34","0.00"
"2020-03-26","7608693.24","0.76","0.00","7654623.34","0.00"
"2020-03-27","7670645.76","0.77","0.00","7558222.18","0.00"
"2020-03-30","7654612.61","0.77","0.00","7651821.76","0.00"
"2020-03-31","7558229.42","0.76","0.00","7655670.38","0.00"
"2020-04-01","7651802.82","0.77","0.00","7656070.90","0.00"
"2020-04-02","7656070.90","0.77","0.00","7656479.58","0.00"
"2020-04-03","7656479.58","0.77","0.00","7810283.64","0.00"
"2020-04-06","7656008.48","0.77","0.00","8012455.60","0.00"
"2020-04-07","7810066.19","0.78","0.00","8199666.25","0.00"
"2020-04-08","8012380.17","0.80","0.00","8211151.72","0.00"
"2020-04-09","8199888.64","0.82","0.00","8266189.34","0.00"
"2020-04-10","8210724.96","0.82","0.00","8195762.85","0.00"
"2020-04-13","8266385.10","0.83","0.00","8404663.47","0.00"
"2020-04-14","8195978.60","0.82","0.00","8513643.59","0.00"
"2020-04-15","8404380.44","0.84","0.00","8539399.38","0.00"
"2020-04-16","8513306.42","0.85","0.00","8471861.60","0.00"
"2020-04-17","8539594.98","0.85","0.00","8484154.78","0.00"
"2020-04-20","8471705.34","0.85","0.00","8280497.63","0.00"
"2020-04-21","8483712.25","0.85","0.00","8377297.72","0.00"
"2020-04-22","8280733.13","0.83","0.00","8447303.82","0.00"
"2020-04-23","8377453.76","0.84","0.00","8534208.52","0.00"
"2020-04-24","8447662.90","0.84","0.00","8724604.76","0.00"
"2020-04-27","8534162.61","0.85","0.00","8772660.13","0.00"
"2020-04-28","8724328.41","0.87","0.00","8924552.22","0.00"
"2020-04-29","8772963.42","0.88","0.00","9064442.36","0.00"
"2020-04-30","8924442.65","0.89","0.00","9064015.54","0.00"
"2020-05-01","9064015.54","0.91","0.00","8874238.95","0.00"
"2020-05-04","9063918.91","0.91","0.00","8902785.64","0.00"
"2020-05-05","8874431.57","0.89","0.00","8938790.47","0.00"
"2020-05-06","8902357.86","0.89","0.00","9104222.78","0.00"
"2020-05-07","8938675.03","0.89","0.00","9116697.09","0.00"
"2020-05-08","9104643.11","0.91","0.00","9153199.84","0.00"
"2020-05-11","9116413.77","0.91","0.00","9097920.86","0.00"
"2020-05-12","9153703.54","0.92","0.00","9127929.66","0.00"
"2020-05-13","9097776.49","0.91","0.00","8901101.14","0.00"
"2020-05-14","9127723.89","0.91","0.00","8839556.27","0.00"
"2020-05-15","8901542.94","0.89","0.00","8750204.06","0.00"
"2020-05-18","8839577.24","0.88","0.00","8907004.27","0.00"
"2020-05-19","8749801.78","0.88","0.00","8930297.35","0.00"
"2020-05-20","8907020.69","0.89","0.00","9074344.74","0.00"
"2020-05-21","8930370.26","0.89","0.00","8940216.80","0.00"
"2020-05-22","9074475.23","0.91","0.00","8984028.45","0.00"
"2020-05-25","8940768.21","0.89","0.00","9062805.25","0.00"
"2020-05-26","8984340.67","0.90","0.00","9091101.29","0.00"
"2020-05-27","9062880.57","0.91","0.00","9061134.37","0.00"
"2020-05-28","9091151.36","0.91","0.00","9052688.06","0.00"
"2020-05-29","9061214.79","0.91","0.00","9280848.94","0.00"
"2020-06-01","9052685.39","0.91","0.00","9275545.61","0.00"
"2020-06-02","9281135.75","0.93","0.00","9366696.70","0.00"
"2020-06-03","9275005.75","0.93","0.00","9403185.97","0.00"
"2020-06-04","9366653.29","0.94","0.00","9515609.31","0.00"
"2020-06-05","9402892.95","0.94","0.00","9533228.63","0.00"
"2020-06-08","9515944.29","0.95","0.00","9495401.01","0.00"
"2020-06-09","9533101.81","0.95","0.00","9539691.17","0.00"
"2020-06-10","9495881.25","0.95","0.00","9286156.15","0.00"
"2020-06-11","9540111.44","0.95","0.00","9231258.42","0.00"
"2020-06-12","9285761.47","0.93","0.00","9178836.52","0.00"
"2020-06-15","9231140.76","0.92","0.00","9406581.66","0.00"
"2020-06-16","9178418.27","0.92","0.00","9401734.64","0.00"
"2020-06-17","9406863.61","0.94","0.00","9453563.09","0.00"
"2020-06-18","9401690.90","0.94","0.00","9440735.12","0.00"
"2020-06-19","9453355.12","0.95","0.00","9464366.58","0.00"
"2020-06-22","9440483.07","0.94","0.00","9464493.69","0.00"
"2020-06-23","9464430.79","0.95","0.00","9521436.01","0.00"
"2020-06-24","9464929.13","0.95","0.00","9521792.26","0.00"
"2020-06-25","9521792.26","0.95","0.00","9521549.59","0.00"
"2020-06-26","9521549.59","0.95","0.00","9468787.10","0.00"
"2020-06-29","9521622.93","0.95","0.00","9633285.42","0.00"
"2020-06-30","9468582.73","0.95","0.00","9720904.14","0.00"
"2020-07-01","9633411.80","0.96","0.00","9783952.79","0.00"
"2020-07-02","9720582.60","0.97","0.00","9882968.67","0.00"
"2020-07-03","9783814.33","0.98","0.00","10238199.64","0.00"
"2020-07-06","9882777.73","0.99","0.00","10127083.20","0.00"
"2020-07-07","10238259.92","1.02","0.00","10222769.84","0.00"
"2020-07-08","10127351.18","1.01","0.00","10212029.00","0.00"
"2020-07-09","10222849.31","1.02","0.00","10014682.03","0.00"
"2020-07-10","10211807.02","1.02","0.00","10325338.79","0.00"
"2020-07-13","10014583.89","1.00","0.00","10214226.59","0.00"
"2020-07-14","10325343.00","1.03","0.00","10127516.23","0.00"
"2020-07-15","10214669.50","1.02","0.00","10178839.70","0.00"
"2020-07-16","10127845.01","1.01","0.00","10101079.78","0.00"
"2020-07-17","10178324.12","1.02","0.00","10153887.63","0.00"
"2020-07-20","10101213.40","1.01","0.00","10285459.82","0.00"
"2020-07-21","10154147.10","1.02","0.00","10538645.98","0.00"
"2020-07-22","10286511.86","1.03","0.00","10573144.44","0.00"
"2020-07-23","10538970.19","1.05","0.00","10438588.25","0.00"
"2020-07-24","10573387.34","1.06","0.00","10368037.50","0.00"
"2020-07-27","10438523.80","1.04","0.00","10239792.20","0.00"
"2020-07-28","10368758.05","1.04","0.00","10301924.68","0.00"
"2020-07-29","10240455.67","1.02","0.00","10476289.37","0.00"
"2020-07-30","10301936.30","1.03","0.00","10574824.55","0.00"
"2020-07-31","10476308.39","1.05","0.00","10492005.61","0.00"
"2020-08-03","10575270.63","1.06","0.00","10602654.05","0.00"
"2020-08-04","10492001.83","1.05","0.00","10754371.99","0.00"
"2020-08-05","10602516.68","1.06","0.00","10736675.32","0.00"
"2020-08-06","10754421.97","1.08","0.00","10810585.11","0.00"
"2020-08-07","10736653.42","1.07","0.00","10785130.43","0.00"
"2020-08-10","10809870.31","1.08","0.00","10752698.60","0.00"
"2020-08-11","10785552.23","1.08","0.00","10731584.55","0.00"
"2020-08-12","10752040.86","1.08","0.00","10699207.00","0.00"
"2020-08-13","10732237.72","1.07","0.00","10784490.76","0.00"
"2020-08-14","10698584.44","1.07","0.00","10875966.05","0.00"
"2020-08-17","10784215.25","1.08","0.00","10832498.11","0.00"
"2020-08-18","10875474.57","1.09","0.00","10705307.63","0.00"
"2020-08-19","10832491.95","1.08","0.00","10255267.78","0.00"
"2020-08-20","10704648.66","1.07","0.00","10559493.36","0.00"
"2020-08-21","10255381.13","1.03","0.00","10631465.49","0.00"
"2020-08-24","10559172.57","1.06","0.00","10804017.72","0.00"
"2020-08-25","10631038.39","1.06","0.00","10853944.28","0.00"
"2020-08-26","10804095.58","1.08","0.00","10974389.40","0.00"
"2020-08-27","10854503.01","1.09","0.00","10962841.45","0.00"
"2020-08-28","10974238.63","1.10","0.00","10950245.40","0.00"
"2020-08-31","10962982.58","1.10","0.00","11079316.60","0.00"
"2020-09-01","10950515.16","1.10","0.00","11116682.32","0.00"
"2020-09-02","11079233.22","1.11","0.00","11230505.78","0.00"
"2020-09-03","11116910.60","1.11","0.00","11205016.47","0.00"
"2020-09-04","11230364.87","1.12","0.00","11218689.25","0.00"
"2020-09-07","11205090.00","1.12","0.00","11219885.77","0.00"
"2020-09-08","11219472.82","1.12","0.00","11243902.27","0.00"
"2020-09-09","11220156.45","1.12","0.00","11171969.40","0.00"
"2020-09-10","11244125.27","1.12","0.00","11030124.90","0.00"
"2020-09-11","11171272.70","1.12","0.00","11160756.86","0.00"
"2020-09-14","11030598.82","1.10","0.00","11206422.45","0.00"
"2020-09-15","11160385.13","1.12","0.00","11229630.93","0.00"
"2020-09-16","11206225.44","1.12","0.00","11253024.86","0.00"
"2020-09-17","11229502.58","1.12","0.00","11380708.28","0.00"
"2020-09-18","11253198.63","1.13","0.00","11315321.03","0.00"
"2020-09-21","11381206.38","1.14","0.00","11165434.44","0.00"
"2020-09-22","11315601.60","1.13","0.00","11065234.99","0.00"
"2020-09-23","11165389.78","1.12","0.00","10811256.56","0.00"
"2020-09-24","11065446.12","1.11","0.00","10623330.84","0.00"
"2020-09-25","10810983.86","1.08","0.00","11031761.72","0.00"
"2020-09-28","10622788.59","1.06","0.00","11122415.66","0.00"
"2020-09-29","11031525.09","1.10","0.00","11241725.21","0.00"
"2020-09-30","11122085.26","1.11","0.00","11241887.40","0.00"
"2020-10-01","11241887.40","1.12","0.00","11241754.84","0.00"
"2020-10-02","11241754.84","1.12","0.00","11328286.70","0.00"
"2020-10-05","11241499.37","1.12","0.00","11481342.29","0.00"
"2020-10-06","11328269.70","1.13","0.00","11537510.99","0.00"
"2020-10-07","11481726.19","1.15","0.00","11587298.60","0.00"
"2020-10-08","11537540.64","1.15","0.00","11587886.68","0.00"
"2020-10-09","11587886.68","1.16","0.00","11564219.84","0.00"
"2020-10-12","11588064.44","1.16","0.00","11635583.36","0.00"
"2020-10-13","11563407.44","1.16","0.00","11706577.86","0.00"
"2020-10-14","11635890.09","1.16","0.00","11688815.45","0.00"
"2020-10-15","11707238.28","1.17","0.00","11594285.96","0.00"
"2020-10-16","11688791.54","1.17","0.00","11713866.40","0.00"
"2020-10-19","11593971.38","1.16","0.00","11777212.40","0.00"
"2020-10-20","11714048.45","1.17","0.00","11735368.79","0.00"
"2020-10-21","11776905.86","1.18","0.00","11773245.21","0.00"
"2020-10-22","11735044.36","1.17","0.00","11859721.07","0.00"
"2020-10-23","11773204.28","1.18","0.00","11849315.21","0.00"
"2020-10-26","11859926.71","1.19","0.00","11838235.67","0.00"
"2020-10-27","11849755.31","1.19","0.00","11800576.83","0.00"
"2020-10-28","11837279.12","1.18","0.00","11779894.98","0.00"
"2020-10-29","11800892.77","1.18","0.00","11679041.60","0.00"
"2020-10-30","11779817.54","1.18","0.00","11652733.06","0.00"
"2020-11-02","11678928.79","1.17","0.00","11868719.53","0.00"
"2020-11-03","11652991.43","1.17","0.00","11961279.72","0.00"
"2020-11-04","11867970.95","1.19","0.00","11968118.90","0.00"
"2020-11-05","11961408.07","1.20","0.00","12025273.26","0.00"
"2020-11-06","11967813.86","1.20","0.00","12190733.58","0.00"
"2020-11-09","12025900.31","1.20","0.00","12136683.00","0.00"
"2020-11-10","12190718.97","1.22","0.00","12338927.47","0.00"
"2020-11-11","12136950.42","1.21","0.00","12319727.40","0.00"
"2020-11-12","12338534.75","1.23","0.00","12348643.02","0.00"
"2020-11-13","12319511.60","1.23","0.00","12478264.59","0.00"
"2020-11-16","12348213.57","1.23","0.00","12576881.26","0.00"
"2020-11-17","12478477.77","1.25","0.00","12905841.27","0.00"
"2020-11-18","12577082.18","1.26","0.00","12952914.63","0.00"
"2020-11-19","12905267.52","1.29","0.00","13031879.50","0.00"
"2020-11-20","12952473.03","1.30","0.00","13323809.69","0.00"
"2020-11-23","13032112.73","1.30","0.00","13405522.50","0.00"
"2020-11-24","13323553.78","1.33","0.00","13301564.38","0.00"
"2020-11-25","13405323.35","1.34","0.00","13468449.30","0.00"
"2020-11-26","13301527.98","1.33","0.00","13609782.69","0.00"
"2020-11-27","13468868.49","1.35","0.00","13561374.80","0.00"
"2020-11-30","13609974.27","1.36","0.00","13786312.43","0.00"
"2020-12-01","13561937.52","1.36","0.00","13995013.18","0.00"
"2020-12-02","13786595.09","1.38","0.00","14215220.80","0.00"
"2020-12-03","13995971.23","1.40","0.00","14331118.44","0.00"
"2020-12-04","14214818.55","1.42","0.00","14476121.82","0.00"
"2020-12-07","14330653.84","1.43","0.00","14684978.74","0.00"
"2020-12-08","14476021.77","1.45","0.00","14850139.67","0.00"
"2020-12-09","14684026.80","1.47","0.00","14600857.06","0.00"
"2020-12-10","14849545.71","1.49","0.00","14494938.27","0.00"
"2020-12-11","14601165.49","1.46","0.00","14621262.46","0.00"
"2020-12-14","14494329.25","1.45","0.00","14397033.50","0.00"
"2020-12-15","14621518.12","1.46","0.00","14608123.35","0.00"
"2020-12-16","14396862.57","1.44","0.00","14733667.83","0.00"
"2020-12-17","14608303.16","1.46","0.00","14778692.15","0.00"
"2020-12-18","14733172.21","1.47","0.00","14862247.42","0.00"
"2020-12-21","14778605.61","1.48","0.00","14361734.74","0.00"
"2020-12-22","14862050.04","1.49","0.00","14483812.26","0.00"
"2020-12-23","14362479.75","1.44","0.00","14620179.61","0.00"
"2020-12-24","14483835.52","1.45","0.00","14714473.83","0.00"
"2020-12-25","14620102.62","1.46","0.00","14845159.92","0.00"
"2020-12-28","14714290.87","1.47","0.00","14768116.38","0.00"
"2020-12-29","14845622.99","1.48","0.00","14911544.90","0.00"
"2020-12-30","14768107.87","1.48","0.00","14927504.63","0.00"
"2020-12-31","14912069.80","1.49","0.00","14927896.83","0.00"
"2021-01-01","14927896.83","1.49","0.00","15053850.05","0.00"
"2021-01-04","14927752.12","1.49","0.00","15157669.13","0.00"
"2021-01-05","15053878.83","1.51","0.00","14864308.30","0.00"
"2021-01-06","15156853.86","1.52","0.00","15052205.41","0.00"
"2021-01-07","14864395.16","1.49","0.00","15174608.13","0.00"
"2021-01-08","15051974.52","1.51","0.00","15481699.77","0.00"
"2021-01-11","15174178.32","1.52","0.00","15175470.97","0.00"
"2021-01-12","15481100.18","1.55","0.00","15362017.64","0.00"
"2021-01-13","15175170.23","1.52","0.00","15545552.60","0.00"
"2021-01-14","15362477.06","1.54","0.00","15272604.60","0.00"
"2021-01-15","15545586.21","1.55","0.00","15229302.10","0.00"
"2021-01-18","15273410.44","1.53","0.00","15322576.51","0.00"
"2021-01-19","15229900.26","1.52","0.00","14888595.95","0.00"
"2021-01-20","15322348.73","1.53","0.00","14964702.73","0.00"
"2021-01-21","14887712.91","1.49","0.00","15225636.70","0.00"
"2021-01-22","14964874.81","1.50","0.00","15285078.98","0.00"
"2021-01-25","15225662.21","1.52","0.00","15078028.22","0.00"
"2021-01-26","15285380.19","1.53","0.00","15271589.11","0.00"
"2021-01-27","15077939.39","1.51","0.00","15052735.23","0.00"
"2021-01-28","15271884.23","1.53","0.00","14770470.31","0.00"
"2021-01-29","15052849.89","1.51","0.00","14869331.49","0.00"
"2021-02-01","14770769.54","1.48","0.00","15197119.26","0.00"
"2021-02-02","14869080.41","1.49","0.00","15255640.51","0.00"
"2021-02-03","15197421.36","1.52","0.00","15207181.62","0.00"
"2021-02-04","15256319.72","1.53","0.00","15288452.55","0.00"
"2021-02-05","15206726.35","1.52","0.00","15287907.30","0.00"
"2021-02-08","15287907.30","1.53","0.00","15288438.23","0.00"
"2021-02-09","15288438.23","1.53","0.00","15287906.56","0.00"
"2021-02-10","15287906.56","1.53","0.00","15286945.60","0.00"
"2021-02-11","15286945.60","1.53","0.00","15286570.78","0.00"
"2021-02-12","15286570.78","1.53","0.00","15286203.36","0.00"
"2021-02-15","15286203.36","1.53","0.00","15286221.53","0.00"
"2021-02-16","15286221.53","1.53","0.00","16099180.61","0.00"
"2021-02-17","15286041.69","1.53","0.00","16248976.47","0.00"
"2021-02-18","16099624.80","1.61","0.00","16315899.71","0.00"
"2021-02-19","16249794.70","1.62","0.00","16597591.27","0.00"
"2021-02-22","16315897.73","1.63","0.00","16796838.09","0.00"
"2021-02-23","16597070.16","1.66","0.00","16627521.63","0.00"
"2021-02-24","16796178.53","1.68","0.00","16987658.85","0.00"
"2021-02-25","16627850.45","1.66","0.00","16839205.48","0.00"
"2021-02-26","16988126.90","1.70","0.00","16838635.19","0.00"
"2021-03-01","16838635.19","1.68","0.00","16712859.44","0.00"
"2021-03-02","16838314.68","1.68","0.00","16833300.57","0.00"
"2021-03-03","16713155.68","1.67","0.00","16606258.36","0.00"
"2021-03-04","16833220.11","1.68","0.00","16439983.55","0.00"
"2021-03-05","16605721.27","1.66","0.00","16304176.34","0.00"
"2021-03-08","16440050.00","1.64","0.00","16303266.66","0.00"
"2021-03-09","16304233.02","1.63","0.00","16334079.90","0.00"
"2021-03-10","16302796.45","1.63","0.00","16581514.46","0.00"
"2021-03-11","16333798.57","1.63","0.00","16685221.32","0.00"
"2021-03-12","16581800.44","1.66","0.00","16706647.44","0.00"
"2021-03-15","16686098.84","1.67","0.00","16852866.75","0.00"
"2021-03-16","16708038.42","1.67","0.00","16785733.47","0.00"
"2021-03-17","16853152.82","1.69","0.00","17006495.19","0.00"
"2021-03-18","16785239.64","1.68","0.00","16938647.17","0.00"
"2021-03-19","17006581.11","1.70","0.00","17042631.46","0.00"
"2021-03-22","16938676.92","1.69","0.00","17091412.26","0.00"
"2021-03-23","17042140.11","1.70","0.00","17014414.77","0.00"
"2021-03-24","17091301.93","1.71","0.00","16946486.47","0.00"
"2021-03-25","17014080.86","1.70","0.00","17190475.38","0.00"
"2021-03-26","16945919.32","1.69","0.00","17493490.21","0.00"
"2021-03-29","17191224.94","1.72","0.00","17668161.46","0.00"
"2021-03-30","17493492.88","1.75","0.00","17867528.91","0.00"
"2021-03-31","17668055.84","1.77","0.00","17955535.83","0.00"
"2021-04-01","17867238.00","1.79","0.00","17955620.95","0.00"
"2021-04-02","17955620.95","1.80","0.00","17956094.36","0.00"
"2021-04-05","17956094.36","1.80","0.00","18260306.70","0.00"
"2021-04-06","17955511.40","1.80","0.00","18554455.85","0.00"
"2021-04-07","18260507.04","1.83","0.00","18808301.71","0.00"
"2021-04-08","18553696.82","1.86","0.00","18918142.39","0.00"
"2021-04-09","18808496.01","1.88","0.00","19146737.23","0.00"
"2021-04-12","18917661.25","1.89","0.00","18866979.79","0.00"
"2021-04-13","19146523.18","1.91","0.00","18787861.80","0.00"
"2021-04-14","18866866.06","1.89","0.00","18928396.93","0.00"
"2021-04-15","18787499.65","1.88","0.00","19390354.17","0.00"
"2021-04-16","18929035.07","1.89","0.00","19553852.31","0.00"
"2021-04-19","19390310.16","1.94","0.00","19807114.94","0.00"
"2021-04-20","19553703.64","1.96","0.00","20132509.93","0.00"
"2021-04-21","19807403.21","1.98","0.00","19691449.77","0.00"
"2021-04-22","20133185.99","2.01","0.00","19902340.03","0.00"
"2021-04-23","19691907.37","1.97","0.00","20244371.15","0.00"
"2021-04-26","19902120.46","1.99","0.00","20179051.09","0.00"
"2021-04-27","20244086.91","2.02","0.00","20116355.61","0.00"
"2021-04-28","20178642.49","2.02","0.00","20008250.16","0.00"
"2021-04-29","20115541.02","2.01","0.00","20007663.48","0.00"
"2021-04-30","20007663.48","2.00","0.00","19380824.04","0.00"
"2021-05-03","20007908.78","2.00","0.00","18638052.95","0.00"
"2021-05-04","19380576.53","1.94","0.00","18519452.43","0.00"
"2021-05-05","18638790.04","1.86","0.00","18583635.02","0.00"
"2021-05-06","18518141.83","1.85","0.00","19046223.80","0.00"
"2021-05-07","18583255.36","1.86","0.00","19129816.74","0.00"
"2021-05-10","19045976.43","1.90","0.00","17983626.83","0.00"
"2021-05-11","19129923.74","1.91","0.00","16949663.80","0.00"
"2021-05-12","17983661.47","1.80","0.00","16800483.48","0.00"
"2021-05-13","16949836.97","1.70","0.00","16767228.50","0.00"
"2021-05-14","16801139.50","1.68","0.00","15553069.23","0.00"
"2021-05-17","16767084.97","1.68","0.00","16703011.04","0.00"
"2021-05-18","15552588.89","1.56","0.00","16964234.23","0.00"
"2021-05-19","16702994.40","1.67","0.00","16663478.08","0.00"
"2021-05-20","16963869.04","1.70","0.00","17096629.57","0.00"
"2021-05-21","16663567.94","1.67","0.00","17402272.79","0.00"
"2021-05-24","17097125.65","1.71","0.00","17592897.70","0.00"
"2021-05-25","17402493.54","1.74","0.00","17580369.19","0.00"
"2021-05-26","17592555.21","1.76","0.00","17662313.75","0.00"
"2021-05-27","17579863.72","1.76","0.00","18053452.25","0.00"
"2021-05-28","17662807.52","1.77","0.00","18247060.27","0.00"
"2021-05-31","18053532.19","1.81","0.00","18427361.11","0.00"
"2021-06-01","18246467.05","1.82","0.00","18392666.50","0.00"
"2021-06-02","18427855.71","1.84","0.00","18545616.59","0.00"
"2021-06-03","18392628.52","1.84","0.00","18395092.18","0.00"
"2021-06-04","18545375.98","1.85","0.00","18223006.51","0.00"
"2021-06-07","18394866.08","1.84","0.00","18177069.45","0.00"
"2021-06-08","18222642.85","1.82","0.00","18012254.39","0.00"
"2021-06-09","18177311.96","1.82","0.00","18172049.30","0.00"
"2021-06-10","18012787.73","1.80","0.00","18088634.87","0.00"
"2021-06-11","18171578.73","1.82","0.00","18088272.07","0.00"
"2021-06-14","18088272.07","1.81","0.00","18318757.78","0.00"
"2021-06-15","18087335.76","1.81","0.00","18105965.02","0.00"
"2021-06-16","18317967.23","1.83","0.00","18404805.51","0.00"
"2021-06-17","18106396.60","1.81","0.00","18317821.64","0.00"
"2021-06-18","18405248.05","1.84","0.00","18260253.94","0.00"
"2021-06-21","18318314.67","1.83","0.00","18253837.64","0.00"
"2021-06-22","18260663.49","1.83","0.00","18577726.61","0.00"
"2021-06-23","18254158.51","1.83","0.00","18738542.13","0.00"
"2021-06-24","18578129.43","1.86","0.00","18956548.41","0.00"
"2021-06-25","18738523.75","1.87","0.00","19230172.46","0.00"
"2021-06-28","18956428.12","1.90","0.00","19236119.49","0.00"
"2021-06-29","19229745.16","1.92","0.00","19457364.93","0.00"
"2021-06-30","19237035.44","1.92","0.00","19399898.05","0.00"
"2021-07-01","19458524.96","1.95","0.00","19520537.82","0.00"
"2021-07-02","19400137.44","1.94","0.00","20010415.72","0.00"
"2021-07-05","19519541.48","1.95","0.00","19965538.50","0.00"
"2021-07-06","20010368.31","2.00","0.00","20101260.44","0.00"
"2021-07-07","19965635.95","2.00","0.00","20181631.32","0.00"
"2021-07-08","20101173.82","2.01","0.00","20010980.72","0.00"
"2021-07-09","20181804.19","2.02","0.00","20259234.44","0.00"
"2021-07-12","20010190.58","2.00","0.00","20230928.05","0.00"
"2021-07-13","20260071.78","2.03","0.00","20066904.67","0.00"
"2021-07-14","20230433.69","2.02","0.00","20321092.08","0.00"
"2021-07-15","20066843.88","2.01","0.00","20303096.05","0.00"
"2021-07-16","20320245.30","2.03","0.00","20064465.67","0.00"
"2021-07-19","20302760.62","2.03","0.00","19749452.13","0.00"
"2021-07-20","20065203.67","2.01","0.00","19703988.71","0.00"
"2021-07-21","19749433.90","1.97","0.00","20013431.98","0.00"
"2021-07-22","19704031.94","1.97","0.00","20323719.61","0.00"
"2021-07-23","20012153.78","2.00","0.00","20354560.52","0.00"
"2021-07-26","20324414.74","2.03","0.00","20041294.87","0.00"
"2021-07-27","20354438.43","2.04","0.00","19972021.44","0.00"
"2021-07-28","20041340.39","2.00","0.00","20342255.39","0.00"
"2021-07-29","19972137.39","2.00","0.00","20153745.74","0.00"
"2021-07-30","20342390.93","2.03","0.00","20504902.71","0.00"
"2021-08-02","20154114.83","2.02","0.00","20592773.12","0.00"
"2021-08-03","20505674.58","2.05","0.00","20897925.70","0.00"
"2021-08-04","20592194.80","2.06","0.00","21095412.23","0.00"
"2021-08-05","20897300.96","2.09","0.00","20860858.37","0.00"
"2021-08-06","21095807.93","2.11","0.00","20740611.32","0.00"
"2021-08-09","20861157.43","2.09","0.00","20332655.73","0.00"
"2021-08-10","20741257.49","2.07","0.00","20002051.40","0.00"
"2021-08-11","20332669.92","2.03","0.00","20136777.25","0.00"
"2021-08-12","20001900.86","2.00","0.00","19629976.87","0.00"
"2021-08-13","20136752.33","2.01","0.00","19322609.32","0.00"
"2021-08-16","19629917.18","1.96","0.00","18986027.29","0.00"
"2021-08-17","19322855.55","1.93","0.00","19747225.67","0.00"
"2021-08-18","18985700.61","1.90","0.00","19048107.76","0.00"
"2021-08-19","19747197.37","1.97","0.00","19315465.49","0.00"
"2021-08-20","19048192.50","1.90","0.00","19868042.02","0.00"
"2021-08-23","19315338.90","1.93","0.00","20138962.88","0.00"
"2021-08-24","19867894.31","1.99","0.00","20438846.38","0.00"
"2021-08-25","20138645.87","2.01","0.00","20310195.12","0.00"
"2021-08-26","20438684.64","2.04","0.00","20461855.74","0.00"
"2021-08-27","20310316.53","2.03","0.00","20637051.68","0.00"
"2021-08-30","20461557.70","2.05","0.00","20743414.84","0.00"
"2021-08-31","20636712.86","2.06","0.00","20870625.29","0.00"
"2021-09-01","20742616.20","2.07","0.00","20798891.27","0.00"
"2021-09-02","20870537.99","2.09","0.00","20947205.61","0.00"
"2021-09-03","20799122.13","2.08","0.00","20681194.30","0.00"
"2021-09-06","20947275.89","2.09","0.00","20598716.79","0.00"
"2021-09-07","20680469.09","2.07","0.00","20064512.32","0.00"
"2021-09-08","20598686.46","2.06","0.00","20159873.52","0.00"
"2021-09-09","20065269.88","2.01","0.00","20388360.70","0.00"
"2021-09-10","20159422.45","2.02","0.00","20240932.82","0.00"
"2021-09-13","20388357.16","2.04","0.00","20160186.63","0.00"
"2021-09-14","20240838.77","2.02","0.00","20097972.71","0.00"
"2021-09-15","20159143.07","2.02","0.00","20168869.23","0.00"
"2021-09-16","20097259.32","2.01","0.00","20436108.03","0.00"
"2021-09-17","20168993.68","2.02","0.00","20435345.91","0.00"
"2021-09-20","20435345.91","2.04","0.00","20435607.30","0.00"
"2021-09-21","20435607.30","2.04","0.00","20047812.06","0.00"
"2021-09-22","20435530.91","2.04","0.00","20244464.46","0.00"
"2021-09-23","20047485.24","2.00","0.00","20542286.55","0.00"
"2021-09-24","20244861.58","2.02","0.00","20341498.15","0.00"
"2021-09-27","20541791.59","2.05","0.00","20285726.01","0.00"
"2021-09-28","20341191.86","2.03","0.00","19779668.56","0.00"
"2021-09-29","20285835.31","2.03","0.00","19999818.21","0.00"
"2021-09-30","19780242.38","1.98","0.00","19118173.92","0.00"
"2021-10-01","19999487.39","2.00","0.00","18809526.10","0.00"
"2021-10-04","19117673.39","1.91","0.00","19103101.48","0.00"
"2021-10-05","18808858.27","1.88","0.00","18883562.60","0.00"
"2021-10-06","19102561.36","1.91","0.00","19363235.43","0.00"
"2021-10-07","18883479.67","1.89","0.00","19232816.46","0.00"
"2021-10-08","19363088.53","1.94","0.00","19232816.75","0.00"
"2021-10-11","19232816.75","1.92","0.00","18873546.37","0.00"
"2021-10-12","19232883.35","1.92","0.00","18447635.48","0.00"
"2021-10-13","18873556.95","1.89","0.00","18586079.00","0.00"
"2021-10-14","18447839.49","1.84","0.00","18920233.94","0.00"
"2021-10-15","18586066.03","1.86","0.00","18813669.13","0.00"
"2021-10-18","18920458.95","1.89","0.00","19006882.96","0.00"
"2021-10-19","18813719.11","1.88","0.00","19114245.56","0.00"
"2021-10-20","19006262.43","1.90","0.00","19068889.94","0.00"
"2021-10-21","19114391.60","1.91","0.00","19084206.20","0.00"
"2021-10-22","19068174.79","1.91","0.00","19282670.75","0.00"
"2021-10-25","19083776.51","1.91","0.00","19328694.03","0.00"
"2021-10-26","19282679.44","1.93","0.00","19605292.08","0.00"
"2021-10-27","19328638.61","1.93","0.00","19686656.15","0.00"
"2021-10-28","19606112.26","1.96","0.00","19686025.15","0.00"
"2021-10-29","19686904.65","1.97","0.00","20058545.87","0.00"
"2021-11-01","19685780.33","1.97","0.00","19921420.59","0.00"
"2021-11-02","20058230.77","2.01","0.00","20155477.79","0.00"
"2021-11-03","19921337.06","1.99","0.00","20162860.84","0.00"
"2021-11-04","20155903.60","2.02","0.00","20290032.91","0.00"
"2021-11-05","20163108.29","2.02","0.00","20509405.32","0.00"
"2021-11-08","20290243.43","2.03","0.00","20569249.33","0.00"
"2021-11-09","20508631.38","2.05","0.00","20617425.65","0.00"
"2021-11-10","20569067.59","2.06","0.00","20474810.84","0.00"
"2021-11-11","20617185.73","2.06","0.00","20658772.34","0.00"
"2021-11-12","20474093.41","2.05","0.00","20978989.32","0.00"
"2021-11-15","20659183.28","2.07","0.00","20975456.11","0.00"
"2021-11-16","20978768.52","2.10","0.00","21092480.84","0.00"
"2021-11-17","20975038.60","2.10","0.00","21103430.25","0.00"
"2021-11-18","21092350.05","2.11","0.00","21082259.14","0.00"
"2021-11-19","21104170.54","2.11","0.00","21265179.55","0.00"
"2021-11-22","21082722.55","2.11","0.00","21273831.20","0.00"
"2021-11-23","21266027.79","2.13","0.00","21359317.83","0.00"
"2021-11-24","21274322.30","2.13","0.00","21366493.19","0.00"
"2021-11-25","21359281.70","2.14","0.00","20896180.97","0.00"
"2021-11-26","21366206.06","2.14","0.00","20873656.63","0.00"
"2021-11-29","20896750.09","2.09","0.00","21159295.61","0.00"
"2021-11-30","20874001.24","2.09","0.00","21628796.42","0.00"
"2021-12-01","21159845.36","2.12","0.00","21549855.02","0.00"
"2021-12-02","21628448.38","2.16","0.00","21831260.22","0.00"
"2021-12-03","21549401.34","2.15","0.00","21869444.87","0.00"
"2021-12-06","21830639.07","2.18","0.00","21984149.29","0.00"
"2021-12-07","21869287.21","2.19","0.00","22013611.55","0.00"
"2021-12-08","21985189.77","2.20","0.00","22024310.13","0.00"
"2021-12-09","22013684.20","2.20","0.00","21977325.06","0.00"
"2021-12-10","22023938.03","2.20","0.00","21825555.27","0.00"
"2021-12-13","21977450.28","2.20","0.00","21511173.77","0.00"
"2021-12-14","21824251.07","2.18","0.00","21846272.25","0.00"
"2021-12-15","21511186.44","2.15","0.00","22101239.30","0.00"
"2021-12-16","21845633.03","2.18","0.00","21940040.76","0.00"
"2021-12-17","22101413.70","2.21","0.00","21789599.17","0.00"
"2021-12-20","21940512.28","2.19","0.00","21920132.58","0.00"
"2021-12-21","21789786.52","2.18","0.00","22006313.51","0.00"
"2021-12-22","21919923.20","2.19","0.00","22099932.66","0.00"
"2021-12-23","22007342.35","2.20","0.00","22191367.22","0.00"
"2021-12-24","22099622.56","2.21","0.00","22426389.57","0.00"
"2021-12-27","22190437.62","2.22","0.00","22412194.36","0.00"
"2021-12-28","22426790.56","2.24","0.00","22425803.53","0.00"
"2021-12-29","22412214.44","2.24","0.00","22440142.37","0.00"
"2021-12-30","22424817.97","2.24","0.00","22440018.96","0.00"
"2021-12-31","22440018.96","2.24","0.00","22299922.67","0.00"
"2022-01-03","22440365.72","2.24","0.00","22390928.36","0.00"
"2022-01-04","22300627.81","2.23","0.00","22362429.40","0.00"
"2022-01-05","22390897.94","2.24","0.00","22153057.30","0.00"
"2022-01-06","22362174.27","2.24","0.00","21883572.02","0.00"
"2022-01-07","22153143.36","2.22","0.00","21932198.81","0.00"
"2022-01-10","21882994.08","2.19","0.00","21767641.32","0.00"
"2022-01-11","21931992.75","2.19","0.00","21751567.62","0.00"
"2022-01-12","21767016.27","2.18","0.00","21756167.23","0.00"
"2022-01-13","21751924.51","2.18","0.00","21769894.11","0.00"
"2022-01-14","21756229.14","2.18","0.00","22455231.71","0.00"
"2022-01-17","21769844.88","2.18","0.00","22543302.54","0.00"
"2022-01-18","22454084.87","2.25","0.00","22446602.85","0.00"
"2022-01-19","22543390.02","2.25","0.00","22553508.70","0.00"
"2022-01-20","22447463.88","2.24","0.00","22038176.93","0.00"
"2022-01-21","22553351.51","2.26","0.00","21999218.28","0.00"
"2022-01-24","22038844.99","2.20","0.00","21631405.78","0.00"
"2022-01-25","21999360.88","2.20","0.00","21760430.86","0.00"
"2022-01-26","21631751.62","2.16","0.00","21760339.77","0.00"
"2022-01-27","21760339.77","2.18","0.00","21760128.33","0.00"
"2022-01-28","21760128.33","2.18","0.00","21760684.79","0.00"
"2022-01-31","21760684.79","2.18","0.00","21761022.53","0.00"
"2022-02-01","21761022.53","2.18","0.00","21760541.35","0.00"
"2022-02-02","21760541.35","2.18","0.00","21760296.03","0.00"
"2022-02-03","21760296.03","2.18","0.00","21760488.50","0.00"
"2022-02-04","21760488.50","2.18","0.00","22144624.45","0.00"
"2022-02-07","21760853.96","2.18","0.00","22420019.61","0.00"
"2022-02-08","22145226.97","2.21","0.00","22659371.22","0.00"
"2022-02-09","22419917.52","2.24","0.00","22753695.56","0.00"
"2022-02-10","22658717.70","2.27","0.00","22766319.14","0.00"
"2022-02-11","22753758.13","2.28","0.00","22195080.28","0.00"
"2022-02-14","22765885.25","2.28","0.00","22115407.95","0.00"
"2022-02-15","22194697.71","2.22","0.00","22582969.72","0.00"
"2022-02-16","22115788.80","2.21","0.00","22669848.44","0.00"
"2022-02-17","22583831.53","2.26","0.00","22815533.47","0.00"
"2022-02-18","22669273.72","2.27","0.00","22823689.40","0.00"
"2022-02-21","22815212.12","2.28","0.00","22525784.09","0.00"
"2022-02-22","22823492.04","2.28","0.00","22788492.19","0.00"
"2022-02-23","22526494.16","2.25","0.00","22162996.99","0.00"
"2022-02-24","22787492.21","2.28","0.00","22401561.99","0.00"
"2022-02-25","22162594.31","2.22","0.00","22401816.19","0.00"
"2022-02-28","22401816.19","2.24","0.00","22858900.35","0.00"
"2022-03-01","22402127.16","2.24","0.00","22877411.85","0.00"
"2022-03-02","22859400.39","2.29","0.00","23040425.00","0.00"
"2022-03-03","22877550.83","2.29","0.00","22771701.28","0.00"
"2022-03-04","23039636.29","2.30","0.00","22048663.87","0.00"
"2022-03-07","22771525.71","2.28","0.00","21524988.52","0.00"
"2022-03-08","22049574.37","2.21","0.00","21759267.20","0.00"
"2022-03-09","21525546.60","2.15","0.00","22273925.60","0.00"
"2022-03-10","21759830.27","2.18","0.00","22210512.25","0.00"
"2022-03-11","22274073.30","2.23","0.00","22273414.80","0.00"
"2022-03-14","22209699.61","2.22","0.00","21727846.94","0.00"
"2022-03-15","22273321.53","2.23","0.00","21663881.70","0.00"
"2022-03-16","21726964.09","2.17","0.00","22305820.94","0.00"
"2022-03-17","21664137.29","2.17","0.00","22222019.90","0.00"
"2022-03-18","22306451.15","2.23","0.00","22398071.34","0.00"
"2022-03-21","22221515.21","2.22","0.00","22519284.57","0.00"
"2022-03-22","22397750.53","2.24","0.00","22991230.63","0.00"
"2022-03-23","22519295.39","2.25","0.00","22987720.12","0.00"
"2022-03-24","22991770.49","2.30","0.00","22786903.43","0.00"
"2022-03-25","22987725.98","2.30","0.00","22673064.44","0.00"
"2022-03-28","22788088.75","2.28","0.00","22714477.49","0.00"
"2022-03-29","22673393.15","2.27","0.00","22878452.54","0.00"
"2022-03-30","22714277.43","2.27","0.00","22786499.16","0.00"
"2022-03-31","22879748.34","2.29","0.00","22688711.51","0.00"
"2022-04-01","22786131.70","2.28","0.00","22688158.63","0.00"
"2022-04-04","22688158.63","2.27","0.00","22688440.36","0.00"
"2022-04-05","22688440.36","2.27","0.00","22663467.22","0.00"
"2022-04-06","22688440.55","2.27","0.00","22191050.69","0.00"
"2022-04-07","22664322.06","2.27","0.00","22313534.98","0.00"
"2022-04-08","22190569.93","2.22","0.00","21819016.90","0.00"
"2022-04-11","22312503.48","2.23","0.00","21605491.57","0.00"
"2022-04-12","21819021.95","2.18","0.00","21941519.02","0.00"
"2022-04-13","21606019.06","2.16","0.00","21984421.77","0.00"
"2022-04-14","21941791.51","2.19","0.00","21734786.80","0.00"
"2022-04-15","21984119.94","2.20","0.00","21524612.39","0.00"
"2022-04-18","21734296.40","2.17","0.00","21781242.84","0.00"
"2022-04-19","21524287.56","2.15","0.00","22084803.09","0.00"
"2022-04-20","21781274.34","2.18","0.00","22221402.18","0.00"
"2022-04-21","22084233.03","2.21","0.00","21990070.60","0.00"
"2022-04-22","22222015.70","2.22","0.00","21233870.40","0.00"
"2022-04-25","21989772.63","2.20","0.00","21218118.15","0.00"
"2022-04-26","21233978.79","2.12","0.00","20913522.84","0.00"
"2022-04-27","21218144.31","2.12","0.00","21126268.04","0.00"
"2022-04-28","20912991.95","2.09","0.00","21362310.64","0.00"
"2022-04-29","21126280.90","2.11","0.00","21362390.07","0.00"
"2022-05-02","21362390.07","2.14","0.00","21465312.01","0.00"
"2022-05-03","21362256.45","2.14","0.00","21668102.31","0.00"
"2022-05-04","21466041.38","2.15","0.00","21967091.51","0.00"
"2022-05-05","21668297.43","2.17","0.00","21744958.58","0.00"
"2022-05-06","21966523.13","2.20","0.00","21237200.49","0.00"
"2022-05-09","21745295.77","2.17","0.00","21423619.27","0.00"
"2022-05-10","21236544.13","2.12","0.00","21194675.46","0.00"
"2022-05-11","21423131.81","2.14","0.00","20866678.93","0.00"
"2022-05-12","21194319.89","2.12","0.00","21201254.00","0.00"
"2022-05-13","20866497.56","2.09","0.00","21311027.92","0.00"
"2022-05-16","21200841.36","2.12","0.00","21448339.03","0.00"
"2022-05-17","21310938.32","2.13","0.00","21643036.63","0.00"
"2022-05-18","21448877.32","2.14","0.00","21254238.38","0.00"
"2022-05-19","21643104.69","2.16","0.00","21316813.73","0.00"
"2022-05-20","21254160.24","2.13","0.00","21410396.84","0.00"
"2022-05-23","21317335.14","2.13","0.00","21121220.86","0.00"
"2022-05-24","21410395.15","2.14","0.00","21432036.78","0.00"
"2022-05-25","21121598.75","2.11","0.00","21441588.92","0.00"
"2022-05-26","21432324.28","2.14","0.00","21652495.25","0.00"
"2022-05-27","21441724.06","2.14","0.00","22148412.80","0.00"
"2022-05-30","21652073.25","2.17","0.00","22346572.40","0.00"
"2022-05-31","22148966.83","2.21","0.00","22273239.78","0.00"
"2022-06-01","22346929.88","2.23","0.00","22191093.52","0.00"
"2022-06-02","22272180.48","2.23","0.00","22190755.52","0.00"
"2022-06-03","22190755.52","2.22","0.00","22292032.03","0.00"
"2022-06-06","22190919.51","2.22","0.00","22195592.24","0.00"
"2022-06-07","22292092.61","2.23","0.00","22265749.83","0.00"
"2022-06-08","22195781.38","2.22","0.00","22531046.98","0.00"
"2022-06-09","22265072.84","2.23","0.00","22332009.91","0.00"
"2022-06-10","22530879.21","2.25","0.00","21807300.65","0.00"
"2022-06-13","22331765.29","2.23","0.00","21745887.23","0.00"
"2022-06-14","21806610.83","2.18","0.00","21574068.73","0.00"
"2022-06-15","21746223.89","2.17","0.00","20942247.10","0.00"
"2022-06-16","21573845.02","2.16","0.00","20667232.59","0.00"
"2022-06-17","20942144.11","2.09","0.00","19950838.77","0.00"
"2022-06-20","20667344.40","2.07","0.00","20719811.80","0.00"
"2022-06-21","19950911.39","2.00","0.00","20078249.68","0.00"
"2022-06-22","20720301.18","2.07","0.00","19666807.30","0.00"
"2022-06-23","20078306.23","2.01","0.00","19948209.76","0.00"
"2022-06-24","19666849.44","1.97","0.00","20342235.72","0.00"
"2022-06-27","19947670.86","1.99","0.00","20110090.46","0.00"
"2022-06-28","20341969.53","2.03","0.00","19621939.01","0.00"
"2022-06-29","20109941.16","2.01","0.00","19062789.87","0.00"
"2022-06-30","19622702.26","1.96","0.00","18178396.31","0.00"
"2022-07-01","19063510.11","1.91","0.00","18060984.48","0.00"
"2022-07-04","18178764.61","1.82","0.00","18162322.57","0.00"
"2022-07-05","18061102.20","1.81","0.00","17617102.49","0.00"
"2022-07-06","18162827.92","1.82","0.00","18121256.16","0.00"
"2022-07-07","17616990.52","1.76","0.00","18461621.04","0.00"
"2022-07-08","18121401.42","1.81","0.00","18213483.64","0.00"
"2022-07-11","18462183.54","1.85","0.00","17844145.40","0.00"
"2022-07-12","18213099.36","1.82","0.00","18245526.87","0.00"
"2022-07-13","17844636.06","1.78","0.00","18584777.51","0.00"
"2022-07-14","18245472.59","1.82","0.00","18668256.23","0.00"
"2022-07-15","18585129.86","1.86","0.00","19015706.75","0.00"
"2022-07-18","18668398.32","1.87","0.00","18998637.01","0.00"
"2022-07-19","19015655.09","1.90","0.00","19101248.38","0.00"
"2022-07-20","18998763.65","1.90","0.00","19825943.38","0.00"
"2022-07-21","19101158.13","1.91","0.00","19813534.23","0.00"
"2022-07-22","19825878.33","1.98","0.00","19749902.67","0.00"
"2022-07-25","19812975.53","1.98","0.00","18992109.98","0.00"
"2022-07-26","19749845.48","1.98","0.00","19180987.69","0.00"
"2022-07-27","18991909.17","1.90","0.00","19019562.32","0.00"
"2022-07-28","19180900.60","1.92","0.00","19091196.85","0.00"
"2022-07-29","19019407.74","1.90","0.00","19074733.84","0.00"
"2022-08-01","19090934.89","1.91","0.00","18698403.38","0.00"
"2022-08-02","19074330.08","1.91","0.00","18664261.81","0.00"
"2022-08-03","18698091.66","1.87","0.00","18637074.31","0.00"
"2022-08-04","18664743.31","1.87","0.00","19040481.23","0.00"
"2022-08-05","18637707.64","1.86","0.00","19127892.53","0.00"
"2022-08-08","19040141.95","1.90","0.00","19161814.13","0.00"
"2022-08-09","19128340.98","1.91","0.00","19049530.65","0.00"
"2022-08-10","19161844.81","1.92","0.00","19272339.91","0.00"
"2022-08-11","19049583.12","1.91","0.00","19675972.13","0.00"
"2022-08-12","19271772.61","1.93","0.00","19883843.64","0.00"
"2022-08-15","19675406.13","1.97","0.00","19919883.32","0.00"
"2022-08-16","19883927.06","1.99","0.00","19892865.55","0.00"
"2022-08-17","19920217.44","1.99","0.00","19904844.68","0.00"
"2022-08-18","19893180.79","1.99","0.00","20063569.19","0.00"
"2022-08-19","19904873.47","1.99","0.00","19898902.18","0.00"
"2022-08-22","20064078.40","2.01","0.00","19676413.90","0.00"
"2022-08-23","19898924.02","1.99","0.00","19679727.40","0.00"
"2022-08-24","19676218.81","1.97","0.00","19849649.94","0.00"
"2022-08-25","19679961.10","1.97","0.00","20044479.65","0.00"
"2022-08-26","19849990.43","1.99","0.00","19502640.11","0.00"
"2022-08-29","20044725.45","2.00","0.00","19677018.76","0.00"
"2022-08-30","19502654.13","1.95","0.00","19825944.21","0.00"
"2022-08-31","19676868.34","1.97","0.00","19456104.20","0.00"
"2022-09-01","19826388.87","1.98","0.00","19338491.67","0.00"
"2022-09-02","19455291.87","1.95","0.00","19143694.91","0.00"
"2022-09-05","19338712.57","1.93","0.00","18977784.19","0.00"
"2022-09-06","19143572.30","1.91","0.00","18857369.14","0.00"
"2022-09-07","18977373.81","1.90","0.00","19245155.68","0.00"
"2022-09-08","18857337.71","1.89","0.00","19245316.88","0.00"
"2022-09-09","19245316.88","1.92","0.00","19474869.85","0.00"
"2022-09-12","19245589.38","1.92","0.00","19624422.33","0.00"
"2022-09-13","19474219.03","1.95","0.00","19420166.04","0.00"
"2022-09-14","19624521.61","1.96","0.00","19457919.20","0.00"
"2022-09-15","19419911.27","1.94","0.00","19288395.37","0.00"
"2022-09-16","19458584.23","1.95","0.00","19210980.45","0.00"
"2022-09-19","19288832.78","1.93","0.00","19299317.19","0.00"
"2022-09-20","19211117.38","1.92","0.00","19126187.09","0.00"
"2022-09-21","19299393.51","1.93","0.00","18918947.20","0.00"
"2022-09-22","19126358.52","1.91","0.00","18739896.22","0.00"
"2022-09-23","18918957.42","1.89","0.00","17977320.35","0.00"
"2022-09-26","18739719.30","1.87","0.00","18034022.94","0.00"
"2022-09-27","17977199.95","1.80","0.00","17381753.14","0.00"
"2022-09-28","18033875.36","1.80","0.00","17465158.79","0.00"
"2022-09-29","17381565.91","1.74","0.00","17744915.27","0.00"
"2022-09-30","17464811.89","1.75","0.00","17748889.57","0.00"
"2022-10-03","17744628.90","1.77","0.00","18111431.51","0.00"
"2022-10-04","17748746.44","1.77","0.00","18248920.94","0.00"
"2022-10-05","18110822.16","1.81","0.00","18381401.00","0.00"
"2022-10-06","18248636.95","1.82","0.00","18232753.08","0.00"
"2022-10-07","18381698.34","1.84","0.00","18233032.92","0.00"
"2022-10-10","18233032.92","1.82","0.00","17725805.97","0.00"
"2022-10-11","18232748.91","1.82","0.00","17870715.93","0.00"
"2022-10-12","17726080.67","1.77","0.00","17210936.85","0.00"
"2022-10-13","17870600.71","1.79","0.00","17634319.44","0.00"
"2022-10-14","17211006.63","1.72","0.00","17689483.60","0.00"
"2022-10-17","17634628.12","1.76","0.00","17707204.64","0.00"
"2022-10-18","17689520.83","1.77","0.00","17740243.58","0.00"
"2022-10-19","17707978.87","1.77","0.00","17606166.45","0.00"
"2022-10-20","17740270.09","1.77","0.00","17397180.08","0.00"
"2022-10-21","17606362.69","1.76","0.00","17598687.93","0.00"
"2022-10-24","17396725.27","1.74","0.00","17314746.63","0.00"
"2022-10-25","17598169.43","1.76","0.00","17191921.07","0.00"
"2022-10-26","17314890.46","1.73","0.00","17453192.60","0.00"
"2022-10-27","17192075.36","1.72","0.00","17300213.55","0.00"
"2022-10-28","17452904.67","1.75","0.00","17484202.97","0.00"
"2022-10-31","17300035.53","1.73","0.00","17584948.57","0.00"
"2022-11-01","17484157.94","1.75","0.00","17782939.96","0.00"
"2022-11-02","17585209.29","1.76","0.00","17696818.64","0.00"
"2022-11-03","17782651.99","1.78","0.00","17887798.90","0.00"
"2022-11-04","17697244.77","1.77","0.00","18138117.21","0.00"
"2022-11-07","17887735.02","1.79","0.00","18278793.79","0.00"
"2022-11-08","18138071.96","1.81","0.00","18702956.73","0.00"
"2022-11-09","18278563.02","1.83","0.00","18699713.37","0.00"
"2022-11-10","18703016.86","1.87","0.00","19066875.53","0.00"
"2022-11-11","18700049.21","1.87","0.00","19404695.31","0.00"
"2022-11-14","19067427.01","1.91","0.00","19641489.06","0.00"
"2022-11-15","19403954.56","1.94","0.00","19733371.61","0.00"
"2022-11-16","19641308.28","1.96","0.00","19764084.90","0.00"
"2022-11-17","19733723.34","1.97","0.00","19587158.82","0.00"
"2022-11-18","19763729.03","1.98","0.00","19532778.98","0.00"
"2022-11-21","19587070.35","1.96","0.00","19547353.55","0.00"
"2022-11-22","19533428.20","1.95","0.00","19654162.00","0.00"
"2022-11-23","19547609.76","1.95","0.00","19837664.95","0.00"
"2022-11-24","19653674.55","1.97","0.00","19742252.71","0.00"
"2022-11-25","19837719.19","1.98","0.00","19546208.81","0.00"
"2022-11-28","19742099.82","1.97","0.00","19689752.03","0.00"
"2022-11-29","19546002.93","1.95","0.00","19856056.20","0.00"
"2022-11-30","19689849.21","1.97","0.00","19940986.42","0.00"
"2022-12-01","19856070.97","1.99","0.00","20048676.19","0.00"
"2022-12-02","19941477.60","1.99","0.00","20227532.93","0.00"
"2022-12-05","20049010.94","2.00","0.00","19940223.43","0.00"
"2022-12-06","20227442.23","2.02","0.00","19523693.38","0.00"
"2022-12-07","19939808.45","1.99","0.00","19530224.76","0.00"
"2022-12-08","19523329.64","1.95","0.00","19644598.23","0.00"
"2022-12-09","19530085.98","1.95","0.00","19625220.34","0.00"
"2022-12-12","19644633.68","1.96","0.00","19459948.53","0.00"
"2022-12-13","19625241.92","1.96","0.00","19759263.18","0.00"
"2022-12-14","19459765.27","1.95","0.00","19849073.22","0.00"
"2022-12-15","19760158.26","1.98","0.00","19698856.35","0.00"
"2022-12-16","19849440.24","1.98","0.00","19608984.79","0.00"
"2022-12-19","19698587.53","1.97","0.00","19074506.71","0.00"
"2022-12-20","19609658.64","1.96","0.00","19243090.14","0.00"
"2022-12-21","19074028.12","1.91","0.00","19652785.61","0.00"
"2022-12-22","19243404.18","1.92","0.00","19533881.10","0.00"
"2022-12-23","19652675.14","1.97","0.00","19519692.00","0.00"
"2022-12-26","19534039.85","1.95","0.00","19618362.39","0.00"
"2022-12-27","19519652.16","1.95","0.00","19197145.80","0.00"
"2022-12-28","19618148.11","1.96","0.00","19158079.75","0.00"
"2022-12-29","19196687.62","1.92","0.00","19188741.61","0.00"
"2022-12-30","19158614.59","1.92","0.00","19188575.43","0.00"
"2023-01-02","19188575.43","1.92","0.00","19454402.89","0.00"
"2023-01-03","19188461.14","1.92","0.00","19353321.35","0.00"
"2023-01-04","19454257.51","1.95","0.00","19439092.22","0.00"
"2023-01-05","19353412.09","1.94","0.00","19646315.38","0.00"
"2023-01-06","19439455.92","1.94","0.00","20015754.54","0.00"
"2023-01-09","19646165.22","1.96","0.00","19973648.92","0.00"
"2023-01-10","20016502.97","2.00","0.00","19888359.90","0.00"
"2023-01-11","19973604.56","2.00","0.00","19796212.11","0.00"
"2023-01-12","19888802.76","1.99","0.00","19700691.38","0.00"
"2023-01-13","19796001.18","1.98","0.00","19792786.46","0.00"
"2023-01-16","19700918.43","1.97","0.00","19869387.00","0.00"
"2023-01-17","19792625.30","1.98","0.00","19869762.94","0.00"
"2023-01-18","19869762.94","1.99","0.00","19869872.44","0.00"
"2023-01-19","19869872.44","1.99","0.00","19869902.65","0.00"
"2023-01-20","19869902.65","1.99","0.00","19870368.57","0.00"
"2023-01-23","19870368.57","1.99","0.00","19870200.67","0.00"
"2023-01-24","19870200.67","1.99","0.00","19869802.56","0.00"
"2023-01-25","19869802.56","1.99","0.00","19870126.24","0.00"
"2023-01-26","19870126.24","1.99","0.00","19870108.53","0.00"
"2023-01-27","19870108.53","1.99","0.00","20475092.72","0.00"
"2023-01-30","19870338.82","1.99","0.00","20621665.01","0.00"
"2023-01-31","20475678.29","2.05","0.00","20854048.54","0.00"
"2023-02-01","20621986.43","2.06","0.00","21130138.66","0.00"
"2023-02-02","20853916.26","2.09","0.00","21111913.66","0.00"
"2023-02-03","21130008.77","2.11","0.00","20842781.69","0.00"
"2023-02-06","21111905.29","2.11","0.00","20984206.22","0.00"
"2023-02-07","20843059.55","2.08","0.00","21109860.95","0.00"
"2023-02-08","20983424.94","2.10","0.00","20954123.57","0.00"
"2023-02-09","21110338.51","2.11","0.00","20844386.89","0.00"
"2023-02-10","20954530.50","2.10","0.00","20738748.93","0.00"
"2023-02-13","20844013.94","2.08","0.00","21031796.72","0.00"
"2023-02-14","20739165.53","2.07","0.00","21005808.15","0.00"
"2023-02-15","21032268.52","2.10","0.00","21342903.05","0.00"
"2023-02-16","21005485.80","2.10","0.00","21306460.41","0.00"
"2023-02-17","21342776.96","2.13","0.00","21506983.97","0.00"
"2023-02-20","21306642.43","2.13","0.00","21518247.28","0.00"
"2023-02-21","21506657.18","2.15","0.00","21299762.31","0.00"
"2023-02-22","21518033.26","2.15","0.00","21663316.10","0.00"
"2023-02-23","21299776.06","2.13","0.00","21539725.16","0.00"
"2023-02-24","21662770.81","2.17","0.00","21540326.86","0.00"
"2023-02-27","21540326.86","2.15","0.00","21540761.90","0.00"
"2023-02-28","21540761.90","2.15","0.00","21596292.47","0.00"
"2023-03-01","21540822.33","2.15","0.00","21721644.41","0.00"
"2023-03-02","21595986.77","2.16","0.00","21920392.48","0.00"
"2023-03-03","21721744.56","2.17","0.00","22219880.66","0.00"
"2023-03-06","21919621.25","2.19","0.00","22262811.53","0.00"
"2023-03-07","22219411.17","2.22","0.00","22397268.68","0.00"
"2023-03-08","22263315.32","2.23","0.00","22478773.54","0.00"
"2023-03-09","22397149.59","2.24","0.00","22059396.94","0.00"
"2023-03-10","22480063.27","2.25","0.00","22076049.83","0.00"
"2023-03-13","22059231.69","2.21","0.00","21938493.82","0.00"
"2023-03-14","22076109.65","2.21","0.00","21940683.02","0.00"
"2023-03-15","21938238.15","2.19","0.00","21654909.87","0.00"
"2023-03-16","21940471.99","2.19","0.00","21951848.78","0.00"
"2023-03-17","21655303.13","2.17","0.00","22101777.35","0.00"
"2023-03-20","21952285.32","2.20","0.00","22236272.63","0.00"
"2023-03-21","22101862.56","2.21","0.00","22549259.59","0.00"
"2023-03-22","22235959.43","2.22","0.00","22882132.85","0.00"
"2023-03-23","22548525.06","2.25","0.00","23031440.15","0.00"
"2023-03-24","22882292.81","2.29","0.00","23224238.32","0.00"
"2023-03-27","23031646.36","2.30","0.00","22997176.87","0.00"
"2023-03-28","23224220.35","2.32","0.00","23059838.29","0.00"
"2023-03-29","22997783.93","2.30","0.00","23466962.17","0.00"
"2023-03-30","23059850.38","2.31","0.00","23541437.74","0.00"
"2023-03-31","23467398.81","2.35","0.00","23541782.24","0.00"
"2023-04-03","23541782.24","2.35","0.00","23541927.79","0.00"
"2023-04-04","23541927.79","2.35","0.00","23541802.20","0.00"
"2023-04-05","23541802.20","2.35","0.00","23487082.63","0.00"
"2023-04-06","23541977.57","2.35","0.00","23491567.91","0.00"
"2023-04-07","23486936.61","2.35","0.00","23669154.90","0.00"
"2023-04-10","23491931.57","2.35","0.00","23840628.75","0.00"
"2023-04-11","23669518.41","2.37","0.00","23938867.39","0.00"
"2023-04-12","23841300.61","2.38","0.00","23879619.67","0.00"
"2023-04-13","23938606.40","2.39","0.00","23779413.67","0.00"
"2023-04-14","23879816.61","2.39","0.00","23906674.82","0.00"
"2023-04-17","23778902.77","2.38","0.00","23669872.90","0.00"
"2023-04-18","23907371.23","2.39","0.00","23456116.97","0.00"
"2023-04-19","23670501.37","2.37","0.00","23239897.93","0.00"
"2023-04-20","23455633.52","2.35","0.00","22965389.18","0.00"
"2023-04-21","23239893.70","2.32","0.00","23044789.31","0.00"
"2023-04-24","22965859.09","2.30","0.00","22586242.73","0.00"
"2023-04-25","23045433.24","2.30","0.00","22642469.79","0.00"
"2023-04-26","22586007.43","2.26","0.00","22828891.39","0.00"
"2023-04-27","22642533.73","2.26","0.00","23028723.69","0.00"
"2023-04-28","22828177.34","2.28","0.00","23029332.10","0.00"
"2023-05-01","23029332.10","2.30","0.00","23061157.11","0.00"
"2023-05-02","23029113.97","2.30","0.00","22951798.52","0.00"
"2023-05-03","23061120.45","2.31","0.00","22968565.42","0.00"
"2023-05-04","22952348.71","2.30","0.00","23078033.81","0.00"
"2023-05-05","22968617.67","2.30","0.00","23183119.23","0.00"
"2023-05-08","23077680.89","2.31","0.00","23233203.97","0.00"
"2023-05-09","23183466.39","2.32","0.00","23227910.49","0.00"
"2023-05-10","23233171.63","2.32","0.00","22970454.32","0.00"
"2023-05-11","23227897.43","2.32","0.00","23085347.04","0.00"
"2023-05-12","22970487.97","2.30","0.00","22941894.50","0.00"
"2023-05-15","23085271.99","2.31","0.00","23159755.38","0.00"
"2023-05-16","22941581.77","2.29","0.00","23454649.41","0.00"
"2023-05-17","23159625.82","2.32","0.00","23737113.49","0.00"
"2023-05-18","23454927.69","2.35","0.00","23796844.46","0.00"
"2023-05-19","23737169.67","2.37","0.00","23889128.77","0.00"
"2023-05-22","23797047.41","2.38","0.00","23873996.59","0.00"
"2023-05-23","23889107.58","2.39","0.00","23978065.13","0.00"
"2023-05-24","23874264.68","2.39","0.00","24145692.60","0.00"
"2023-05-25","23977719.24","2.40","0.00","24391659.72","0.00"
"2023-05-26","24145695.71","2.41","0.00","24804591.84","0.00"
"2023-05-29","24391925.19","2.44","0.00","24779796.83","0.00"
"2023-05-30","24805492.85","2.48","0.00","25195933.64","0.00"
"2023-05-31","24779780.03","2.48","0.00","25227617.66","0.00"
"2023-06-01","25196401.53","2.52","0.00","25427728.36","0.00"
"2023-06-02","25228334.11","2.52","0.00","25722093.07","0.00"
"2023-06-05","25427669.82","2.54","0.00","25543899.04","0.00"
"2023-06-06","25721572.81","2.57","0.00","25992802.98","0.00"
"2023-06-07","25544272.78","2.55","0.00","25771152.00","0.00"
"2023-06-08","25992734.71","2.60","0.00","26004584.45","0.00"
"2023-06-09","25771323.43","2.58","0.00","26030492.32","0.00"
"2023-06-12","26004375.54","2.60","0.00","26355008.18","0.00"
"2023-06-13","26029600.23","2.60","0.00","26568423.85","0.00"
"2023-06-14","26354804.56","2.64","0.00","26948431.25","0.00"
"2023-06-15","26567926.90","2.66","0.00","27065230.75","0.00"
"2023-06-16","26948644.70","2.69","0.00","27151760.32","0.00"
"2023-06-19","27065051.83","2.71","0.00","26983499.51","0.00"
"2023-06-20","27152511.27","2.72","0.00","27020806.73","0.00"
"2023-06-21","26983652.57","2.70","0.00","27020669.86","0.00"
"2023-06-22","27020669.86","2.70","0.00","27021674.42","0.00"
"2023-06-23","27021674.42","2.70","0.00","26943868.53","0.00"
"2023-06-26","27021613.75","2.70","0.00","26532223.87","0.00"
"2023-06-27","26943955.60","2.69","0.00","26490172.61","0.00"
"2023-06-28","26531665.91","2.65","0.00","26646113.73","0.00"
"2023-06-29","26489946.87","2.65","0.00","26607328.13","0.00"
"2023-06-30","26645797.19","2.66","0.00","26941645.45","0.00"
"2023-07-03","26607616.83","2.66","0.00","27108104.66","0.00"
"2023-07-04","26941469.55","2.69","0.00","26880896.78","0.00"
"2023-07-05","27108364.08","2.71","0.00","26324758.58","0.00"
"2023-07-06","26881057.60","2.69","0.00","26014039.46","0.00"
"2023-07-07","26324458.85","2.63","0.00","25956566.47","0.00"
"2023-07-10","26013688.55","2.60","0.00","26372882.52","0.00"
"2023-07-11","25956053.35","2.60","0.00","26498863.41","0.00"
"2023-07-12","26372929.77","2.64","0.00","26655827.59","0.00"
"2023-07-13","26498168.73","2.65","0.00","26896238.07","0.00"
"2023-07-14","26656247.75","2.67","0.00","27013167.12","0.00"
"2023-07-17","26896184.61","2.69","0.00","26894599.62","0.00"
"2023-07-18","27013512.84","2.70","0.00","26590483.76","0.00"
"2023-07-19","26894576.64","2.69","0.00","26574971.21","0.00"
"2023-07-20","26590363.34","2.66","0.00","26547025.52","0.00"
"2023-07-21","26574354.87","2.66","0.00","26501014.16","0.00"
"2023-07-24","26547853.87","2.65","0.00","26624174.35","0.00"
"2023-07-25","26500256.80","2.65","0.00","26558286.28","0.00"
"2023-07-26","26624680.80","2.66","0.00","27209828.26","0.00"
"2023-07-27","26558214.61","2.66","0.00","27356956.03","0.00"
"2023-07-28","27209699.13","2.72","0.00","26952214.98","0.00"
"2023-07-31","27356916.39","2.74","0.00","26920326.01","0.00"
"2023-08-01","26951733.03","2.70","0.00","26170609.90","0.00"
"2023-08-02","26920344.32","2.69","0.00","26170855.25","0.00"
"2023-08-03","26170855.25","2.62","0.00","26361483.60","0.00"
"2023-08-04","26171541.40","2.62","0.00","26703783.24","0.00"
"2023-08-07","26361471.48","2.64","0.00","26646233.38","0.00"
"2023-08-08","26703948.47","2.67","0.00","26639540.09","0.00"
"2023-08-09","26646725.27","2.66","0.00","25899167.24","0.00"
"2023-08-10","26639092.70","2.66","0.00","25946231.46","0.00"
"2023-08-11","25898779.74","2.59","0.00","25619895.38","0.00"
"2023-08-14","25946649.52","2.59","0.00","25935819.77","0.00"
"2023-08-15","25619233.80","2.56","0.00","25838272.79","0.00"
"2023-08-16","25936074.61","2.59","0.00","26121543.36","0.00"
"2023-08-17","25838761.12","2.58","0.00","25883162.19","0.00"
"2023-08-18","26121659.47","2.61","0.00","25783769.93","0.00"
"2023-08-21","25882417.93","2.59","0.00","25950966.00","0.00"
"2023-08-22","25783964.81","2.58","0.00","26133828.27","0.00"
"2023-08-23","25951301.95","2.60","0.00","26360091.57","0.00"
"2023-08-24","26134386.33","2.61","0.00","26149552.37","0.00"
"2023-08-25","26360151.40","2.64","0.00","25844863.59","0.00"
"2023-08-28","26149554.74","2.62","0.00","25976053.12","0.00"
"2023-08-29","25844617.78","2.58","0.00","26546885.99","0.00"
"2023-08-30","25976267.85","2.60","0.00","26701144.48","0.00"
"2023-08-31","26547050.01","2.65","0.00","26584933.19","0.00"
"2023-09-01","26700495.34","2.67","0.00","26794843.87","0.00"
"2023-09-04","26584725.37","2.66","0.00","27096939.44","0.00"
"2023-09-05","26794878.41","2.68","0.00","27018480.74","0.00"
"2023-09-06","27096488.46","2.71","0.00","26701205.63","0.00"
"2023-09-07","27017694.47","2.70","0.00","26493419.43","0.00"
"2023-09-08","26700966.48","2.67","0.00","26052873.76","0.00"
"2023-09-11","26493238.87","2.65","0.00","26300784.48","0.00"
"2023-09-12","26052811.40","2.61","0.00","26331692.05","0.00"
"2023-09-13","26301000.15","2.63","0.00","26845848.46","0.00"
"2023-09-14","26332878.91","2.63","0.00","27015171.65","0.00"
"2023-09-15","26845203.29","2.68","0.00","26740909.53","0.00"
"2023-09-18","27015192.45","2.70","0.00","26674047.77","0.00"
"2023-09-19","26741803.07","2.67","0.00","26750715.32","0.00"
"2023-09-20","26673899.95","2.67","0.00","26349799.75","0.00"
"2023-09-21","26751055.80","2.68","0.00","26598516.06","0.00"
"2023-09-22","26349417.63","2.63","0.00","26700139.76","0.00"
"2023-09-25","26598400.72","2.66","0.00","26336664.17","0.00"
"2023-09-26","26700681.60","2.67","0.00","26138328.43","0.00"
"2023-09-27","26336640.50","2.63","0.00","26130980.16","0.00"
"2023-09-28","26138526.58","2.61","0.00","26130893.96","0.00"
"2023-09-29","26130893.96","2.61","0.00","26438145.73","0.00"
"2023-10-02","26130946.14","2.61","0.00","26257091.99","0.00"
"2023-10-03","26438604.61","2.64","0.00","26093911.65","0.00"
"2023-10-04","26256696.07","2.63","0.00","26467862.95","0.00"
"2023-10-05","26093696.54","2.61","0.00","26550720.09","0.00"
"2023-10-06","26467813.05","2.65","0.00","26550187.53","0.00"
"2023-10-09","26550187.53","2.65","0.00","26550876.86","0.00"
"2023-10-10","26550876.86","2.66","0.00","26551442.47","0.00"
"2023-10-11","26550968.55","2.66","0.00","26857195.56","0.00"
"2023-10-12","26550955.75","2.66","0.00","26614719.84","0.00"
"2023-10-13","26857302.61","2.69","0.00","26201136.67","0.00"
"2023-10-16","26614072.31","2.66","0.00","26156208.96","0.00"
"2023-10-17","26200999.51","2.62","0.00","25804912.15","0.00"
"2023-10-18","26155600.65","2.62","0.00","25892169.17","0.00"
"2023-10-19","25804598.27","2.58","0.00","25713829.10","0.00"
"2023-10-20","25891843.72","2.59","0.00","25489377.92","0.00"
"2023-10-23","25714189.07","2.57","0.00","25743592.41","0.00"
"2023-10-24","25488836.69","2.55","0.00","25956377.49","0.00"
"2023-10-25","25744274.84","2.57","0.00","25433643.78","0.00"
"2023-10-26","25957369.80","2.60","0.00","25357879.14","0.00"
"2023-10-27","25433722.29","2.54","0.00","25463955.07","0.00"
"2023-10-30","25358098.48","2.54","0.00","25066970.88","0.00"
"2023-10-31","25463930.95","2.55","0.00","25186732.67","0.00"
"2023-11-01","25067530.92","2.51","0.00","25817776.78","0.00"
"2023-11-02","25186607.73","2.52","0.00","25997614.89","0.00"
"2023-11-03","25817010.99","2.58","0.00","26293679.88","0.00"
"2023-11-06","25997146.78","2.60","0.00","26171621.77","0.00"
"2023-11-07","26292710.60","2.63","0.00","26125693.09","0.00"
"2023-11-08","26171785.28","2.62","0.00","25957843.26","0.00"
"2023-11-09","26125962.44","2.61","0.00","25849650.13","0.00"
"2023-11-10","25957629.18","2.60","0.00","26033117.28","0.00"
"2023-11-13","25849032.46","2.58","0.00","26309249.61","0.00"
"2023-11-14","26032349.81","2.60","0.00","26242259.84","0.00"
"2023-11-15","26307870.32","2.63","0.00","26249422.65","0.00"
"2023-11-16","26242980.98","2.62","0.00","26391990.76","0.00"
"2023-11-17","26249762.81","2.62","0.00","26359906.90","0.00"
"2023-11-20","26391871.11","2.64","0.00","26585408.46","0.00"
"2023-11-21","26359930.12","2.64","0.00","26527056.18","0.00"
"2023-11-22","26585449.03","2.66","0.00","26466740.20","0.00"
"2023-11-23","26526915.28","2.65","0.00","26375183.60","0.00"
"2023-11-24","26467813.49","2.65","0.00","26044323.93","0.00"
"2023-11-27","26375454.10","2.64","0.00","26417009.99","0.00"
"2023-11-28","26044470.58","2.60","0.00","26503241.50","0.00"
"2023-11-29","26417297.93","2.64","0.00","26555999.49","0.00"
"2023-11-30","26502819.29","2.65","0.00","26634153.87","0.00"
"2023-12-01","26555850.08","2.66","0.00","27034544.33","0.00"
"2023-12-04","26634336.77","2.66","0.00","26829404.98","0.00"
"2023-12-05","27034252.71","2.70","0.00","26935462.11","0.00"
"2023-12-06","26828711.92","2.68","0.00","26756650.51","0.00"
"2023-12-07","26934496.04","2.69","0.00","26834424.46","0.00"
"2023-12-08","26756448.54","2.68","0.00","26848057.37","0.00"
"2023-12-11","26835087.60","2.68","0.00","26718918.61","0.00"
"2023-12-12","26848506.12","2.68","0.00","26805637.98","0.00"
"2023-12-13","26718574.74","2.67","0.00","26959989.88","0.00"
"2023-12-14","26805044.70","2.68","0.00","27023348.08","0.00"
"2023-12-15","26959506.28","2.70","0.00","27068798.63","0.00"
"2023-12-18","27023021.90","2.70","0.00","26787582.49","0.00"
"2023-12-19","27068544.46","2.71","0.00","27106407.41","0.00"
"2023-12-20","26786873.46","2.68","0.00","27231834.36","0.00"
"2023-12-21","27107048.51","2.71","0.00","27366101.48","0.00"
"2023-12-22","27231975.85","2.72","0.00","27335311.36","0.00"
"2023-12-25","27366549.76","2.74","0.00","27648013.51","0.00"
"2023-12-26","27334265.08","2.73","0.00","27930524.45","0.00"
"2023-12-27","27648909.73","2.76","0.00","28026400.13","0.00"
"2023-12-28","27931047.72","2.79","0.00","28109174.83","0.00"
"2023-12-29","28026145.97","2.80","0.00","28109237.98","0.00"
"2024-01-01","28109237.98","2.81","0.00","28213840.39","0.00"
"2024-01-02","28108570.02","2.81","0.00","27937789.31","0.00"
"2024-01-03","28214738.79","2.82","0.00","27855426.57","0.00"
"2024-01-04","27937186.99","2.79","0.00","27721467.98","0.00"
"2024-01-05","27854860.82","2.79","0.00","27599497.86","0.00"
"2024-01-08","27720893.54","2.77","0.00","27243844.13","0.00"
"2024-01-09","27598861.33","2.76","0.00","27212122.51","0.00"
"2024-01-10","27243453.07","2.72","0.00","27256930.74","0.00"
"2024-01-11","27211934.62","2.72","0.00","27254104.93","0.00"
"2024-01-12","27257227.12","2.73","0.00","27777257.34","0.00"
"2024-01-15","27254236.55","2.73","0.00","27637663.21","0.00"
"2024-01-16","27777609.56","2.78","0.00","27225574.07","0.00"
"2024-01-17","27637723.40","2.76","0.00","27376904.40","0.00"
"2024-01-18","27224648.03","2.72","0.00","27739386.03","0.00"
"2024-01-19","27377223.88","2.74","0.00","28050224.42","0.00"
"2024-01-22","27740283.57","2.77","0.00","28204904.66","0.00"
"2024-01-23","28049570.92","2.81","0.00","28199137.52","0.00"
"2024-01-24","28205276.75","2.82","0.00","28397593.23","0.00"
"2024-01-25","28198938.60","2.82","0.00","28120573.67","0.00"
"2024-01-26","28397014.97","2.84","0.00","28443969.18","0.00"
"2024-01-29","28120543.08","2.81","0.00","28394683.70","0.00"
"2024-01-30","28444009.51","2.84","0.00","28205260.12","0.00"
"2024-01-31","28394325.48","2.84","0.00","28296706.46","0.00"
"2024-02-01","28205501.51","2.82","0.00","28285750.85","0.00"
"2024-02-02","28296773.20","2.83","0.00","28183510.54","0.00"
"2024-02-05","28286192.81","2.83","0.00","28182782.17","0.00"
"2024-02-06","28182782.17","2.82","0.00","28182557.51","0.00"
"2024-02-07","28182557.51","2.82","0.00","28183062.85","0.00"
"2024-02-08","28183062.85","2.82","0.00","28183311.38","0.00"
"2024-02-09","28183311.38","2.82","0.00","28182924.57","0.00"
"2024-02-12","28182924.57","2.82","0.00","28183149.96","0.00"
"2024-02-13","28183149.96","2.82","0.00","28183448.70","0.00"
"2024-02-14","28183448.70","2.82","0.00","28366790.85","0.00"
"2024-02-15","28182638.64","2.82","0.00","28772958.32","0.00"
"2024-02-16","28366728.60","2.84","0.00","28893436.48","0.00"
"2024-02-19","28773047.51","2.88","0.00","28848497.99","0.00"
"2024-02-20","28892773.18","2.89","0.00","28877706.21","0.00"
"2024-02-21","28848580.32","2.88","0.00","29217192.53","0.00"
"2024-02-22","28878932.13","2.89","0.00","29155516.91","0.00"
"2024-02-23","29216120.65","2.92","0.00","29272847.53","0.00"
"2024-02-26","29155561.63","2.92","0.00","29029904.63","0.00"
"2024-02-27","29273588.37","2.93","0.00","29029897.19","0.00"
"2024-02-28","29029897.19","2.90","0.00","29153027.83","0.00"
"2024-02-29","29029354.21","2.90","0.00","29112832.09","0.00"
"2024-03-01","29153797.44","2.92","0.00","29395243.40","0.00"
"2024-03-04","29113674.55","2.91","0.00","29279604.05","0.00"
"2024-03-05","29395208.32","2.94","0.00","29388650.34","0.00"
"2024-03-06","29280432.98","2.93","0.00","29049582.83","0.00"
"2024-03-07","29388379.69","2.94","0.00","28697439.38","0.00"
"2024-03-08","29048233.51","2.90","0.00","28937169.13","0.00"
"2024-03-11","28697694.79","2.87","0.00","29490428.63","0.00"
"2024-03-12","28936371.33","2.89","0.00","29351350.10","0.00"
"2024-03-13","29490711.23","2.95","0.00","29144527.90","0.00"
"2024-03-14","29351662.50","2.94","0.00","29309887.62","0.00"
"2024-03-15","29144051.59","2.91","0.00","29585147.80","0.00"
"2024-03-18","29309460.80","2.93","0.00","29949779.35","0.00"
"2024-03-19","29584240.89","2.96","0.00","29956979.31","0.00"
"2024-03-20","29949220.08","2.99","0.00","30609048.31","0.00"
"2024-03-21","29957046.46","3.00","0.00","30806046.84","0.00"
"2024-03-22","30608404.59","3.06","0.00","30752779.46","0.00"
"2024-03-25","30805436.53","3.08","0.00","30462440.01","0.00"
"2024-03-26","30753242.05","3.08","0.00","30898345.06","0.00"
"2024-03-27","30462070.01","3.05","0.00","30733305.98","0.00"
"2024-03-28","30898202.31","3.09","0.00","30686218.31","0.00"
"2024-03-29","30731953.75","3.07","0.00","30629907.21","0.00"
"2024-04-01","30686142.41","3.07","0.00","30909917.06","0.00"
"2024-04-02","30630404.04","3.06","0.00","30784881.53","0.00"
"2024-04-03","30910336.47","3.09","0.00","30783789.70","0.00"
"2024-04-04","30783789.70","3.08","0.00","30783902.34","0.00"
"2024-04-05","30783902.34","3.08","0.00","30866685.83","0.00"
"2024-04-08","30783614.63","3.08","0.00","31142734.87","0.00"
"2024-04-09","30866209.49","3.09","0.00","30912390.73","0.00"
"2024-04-10","31142229.40","3.11","0.00","30794028.65","0.00"
"2024-04-11","30912822.82","3.09","0.00","30920040.10","0.00"
"2024-04-12","30793675.29","3.08","0.00","30192825.89","0.00"
"2024-04-15","30920232.65","3.09","0.00","29109177.05","0.00"
"2024-04-16","30192527.51","3.02","0.00","29569641.77","0.00"
"2024-04-17","29109240.79","2.91","0.00","29613853.19","0.00"
"2024-04-18","29569574.39","2.96","0.00","28857386.12","0.00"
"2024-04-19","29612916.49","2.96","0.00","28371274.51","0.00"
"2024-04-22","28857771.42","2.89","0.00","28648506.04","0.00"
"2024-04-23","28372484.10","2.84","0.00","29659010.86","0.00"
"2024-04-24","28648865.12","2.86","0.00","29234166.87","0.00"
"2024-04-25","29658531.59","2.97","0.00","29663460.36","0.00"
"2024-04-26","29234350.15","2.92","0.00","30456903.70","0.00"
"2024-04-29","29663282.42","2.97","0.00","30498592.65","0.00"
"2024-04-30","30457225.71","3.05","0.00","30498383.37","0.00"
"2024-05-01","30498383.37","3.05","0.00","30047624.24","0.00"
"2024-05-02","30498507.87","3.05","0.00","30157168.71","0.00"
"2024-05-03","30047957.81","3.00","0.00","30516185.08","0.00"
"2024-05-06","30156809.22","3.02","0.00","30664640.56","0.00"
"2024-05-07","30516221.95","3.05","0.00","30759797.38","0.00"
"2024-05-08","30664265.09","3.07","0.00","30418813.06","0.00"
"2024-05-09","30759410.29","3.08","0.00","30755151.70","0.00"
"2024-05-10","30417480.22","3.04","0.00","30682312.67","0.00"
"2024-05-13","30755053.95","3.08","0.00","30794206.89","0.00"
"2024-05-14","30681829.09","3.07","0.00","30929816.05","0.00"
"2024-05-15","30794111.39","3.08","0.00","31187493.23","0.00"
"2024-05-16","30929726.83","3.09","0.00","31143700.58","0.00"
"2024-05-17","31187638.36","3.12","0.00","31333033.23","0.00"
"2024-05-20","31143622.90","3.11","0.00","31303568.15","0.00"
"2024-05-21","31333535.62","3.13","0.00","31666281.75","0.00"
"2024-05-22","31303535.19","3.13","0.00","31246170.01","0.00"
"2024-05-23","31666579.01","3.17","0.00","31233876.30","0.00"
"2024-05-24","31245865.76","3.12","0.00","31634924.83","0.00"
"2024-05-27","31234138.00","3.12","0.00","32143431.21","0.00"
"2024-05-28","31634863.16","3.16","0.00","32048824.72","0.00"
"2024-05-29","32143488.56","3.21","0.00","31703828.00","0.00"
"2024-05-30","32049382.52","3.20","0.00","31528100.43","0.00"
"2024-05-31","31704164.70","3.17","0.00","31798316.00","0.00"
"2024-06-03","31527725.29","3.15","0.00","31408407.23","0.00"
"2024-06-04","31799276.48","3.18","0.00","31246787.05","0.00"
"2024-06-05","31409008.54","3.14","0.00","31267107.33","0.00"
"2024-06-06","31247198.74","3.12","0.00","31642017.67","0.00"
"2024-06-07","31267643.06","3.13","0.00","31642230.72","0.00"
"2024-06-10","31642230.72","3.16","0.00","31430624.95","0.00"
"2024-06-11","31642208.06","3.16","0.00","31520044.52","0.00"
"2024-06-12","31429494.93","3.14","0.00","31946224.35","0.00"
"2024-06-13","31520161.00","3.15","0.00","32213212.59","0.00"
"2024-06-14","31945148.34","3.19","0.00","32417934.18","0.00"
"2024-06-17","32213413.01","3.22","0.00","32918420.39","0.00"
"2024-06-18","32418725.57","3.24","0.00","33107216.17","0.00"
"2024-06-19","32918250.62","3.29","0.00","33496564.95","0.00"
"2024-06-20","33107766.79","3.31","0.00","33534534.02","0.00"
"2024-06-21","33497369.45","3.35","0.00","33132755.67","0.00"
"2024-06-24","33533363.80","3.35","0.00","32985043.43","0.00"
"2024-06-25","33132027.07","3.31","0.00","33184305.59","0.00"
"2024-06-26","32985055.69","3.30","0.00","33015110.39","0.00"
"2024-06-27","33184493.97","3.32","0.00","33423957.94","0.00"
"2024-06-28","33015026.62","3.30","0.00","33432290.95","0.00"
"2024-07-01","33423410.40","3.34","0.00","33430619.74","0.00"
"2024-07-02","33431503.77","3.34","0.00","34176345.60","0.00"
"2024-07-03","33430085.86","3.34","0.00","34396130.48","0.00"
"2024-07-04","34176363.83","3.42","0.00","34658580.91","0.00"
"2024-07-05","34396734.76","3.44","0.00","34618411.98","0.00"
"2024-07-08","34658029.14","3.47","0.00","34460513.64","0.00"
"2024-07-09","34618704.10","3.46","0.00","34556159.18","0.00"
"2024-07-10","34458935.19","3.45","0.00","34903134.47","0.00"
"2024-07-11","34554686.41","3.46","0.00","34717774.62","0.00"
"2024-07-12","34902606.71","3.49","0.00","34468516.01","0.00"
"2024-07-15","34716763.40","3.47","0.00","34516707.53","0.00"
"2024-07-16","34469411.64","3.45","0.00","34727644.45","0.00"
"2024-07-17","34516637.10","3.45","0.00","34029963.29","0.00"
"2024-07-18","34727864.86","3.47","0.00","33634053.95","0.00"
"2024-07-19","34029065.11","3.40","0.00","32718972.92","0.00"
"2024-07-22","33634061.57","3.36","0.00","33430553.80","0.00"
"2024-07-23","32718349.34","3.27","0.00","33430421.82","0.00"
"2024-07-24","33430421.82","3.34","0.00","33431261.23","0.00"
"2024-07-25","33431261.23","3.34","0.00","32644914.47","0.00"
"2024-07-26","33430019.65","3.34","0.00","32198889.18","0.00"
"2024-07-29","32644761.88","3.26","0.00","32715203.58","0.00"
"2024-07-30","32198930.20","3.22","0.00","32533552.77","0.00"
"2024-07-31","32714867.36","3.27","0.00","33233261.35","0.00"
"2024-08-01","32532885.99","3.25","0.00","32024129.75","0.00"
"2024-08-02","33233956.08","3.32","0.00","29372453.94","0.00"
"2024-08-05","32022795.33","3.20","0.00","29393729.81","0.00"
"2024-08-06","29372044.64","2.94","0.00","30626464.72","0.00"
"2024-08-07","29393739.88","2.94","0.00","30195877.65","0.00"
"2024-08-08","30626173.38","3.06","0.00","30885948.86","0.00"
"2024-08-09","30195685.41","3.02","0.00","31485563.46","0.00"
"2024-08-12","30885909.75","3.09","0.00","31388729.77","0.00"
"2024-08-13","31486149.60","3.15","0.00","31931058.50","0.00"
"2024-08-14","31389381.25","3.14","0.00","31793399.88","0.00"
"2024-08-15","31931956.47","3.19","0.00","32267776.38","0.00"
"2024-08-16","31793133.41","3.18","0.00","32426708.28","0.00"
"2024-08-19","32269141.02","3.23","0.00","32348272.28","0.00"
"2024-08-20","32426416.80","3.24","0.00","32152011.56","0.00"
"2024-08-21","32346501.46","3.23","0.00","32141899.93","0.00"
"2024-08-22","32152333.79","3.22","0.00","32122921.91","0.00"
"2024-08-23","32140738.60","3.21","0.00","32168251.03","0.00"
"2024-08-26","32123130.19","3.21","0.00","32509861.74","0.00"
"2024-08-27","32169246.18","3.22","0.00","32446806.35","0.00"
"2024-08-28","32510352.10","3.25","0.00","32421055.95","0.00"
"2024-08-29","32447081.31","3.24","0.00","32603629.27","0.00"
"2024-08-30","32420669.45","3.24","0.00","32307014.96","0.00"
"2024-09-02","32602908.67","3.26","0.00","32012989.51","0.00"
"2024-09-03","32306868.99","3.23","0.00","30581305.80","0.00"
"2024-09-04","32012959.53","3.20","0.00","30299993.29","0.00"
"2024-09-05","30581292.40","3.06","0.00","30481339.43","0.00"
"2024-09-06","30300165.67","3.03","0.00","30122186.67","0.00"
"2024-09-09","30482312.16","3.05","0.00","29541315.48","0.00"
"2024-09-10","30121513.42","3.01","0.00","29745747.81","0.00"
"2024-09-11","29541430.85","2.95","0.00","30455031.92","0.00"
"2024-09-12","29745416.68","2.97","0.00","30772922.53","0.00"
"2024-09-13","30456025.76","3.05","0.00","30837716.73","0.00"
"2024-09-16","30773255.52","3.08","0.00","30837124.81","0.00"
"2024-09-17","30837124.81","3.08","0.00","30319388.94","0.00"
"2024-09-18","30836899.58","3.08","0.00","30887717.71","0.00"
"2024-09-19","30319016.91","3.03","0.00","31015187.19","0.00"
"2024-09-20","30887928.00","3.09","0.00","31103041.68","0.00"
"2024-09-23","31015071.69","3.10","0.00","31181592.48","0.00"
"2024-09-24","31104366.38","3.11","0.00","31619087.18","0.00"
"2024-09-25","31181653.35","3.12","0.00","31668322.03","0.00"
"2024-09-26","31619555.83","3.16","0.00","32299692.49","0.00"
"2024-09-27","31667620.89","3.17","0.00","31827102.77","0.00"
"2024-09-30","32298422.94","3.23","0.00","31988019.02","0.00"
"2024-10-01","31825932.37","3.18","0.00","31986703.50","0.00"
"2024-10-02","31986703.50","3.20","0.00","31987227.42","0.00"
"2024-10-03","31987227.42","3.20","0.00","31250235.52","0.00"
"2024-10-04","31987834.35","3.20","0.00","31834556.88","0.00"
"2024-10-07","31250644.03","3.13","0.00","31601555.10","0.00"
"2024-10-08","31835051.75","3.18","0.00","31327458.89","0.00"
"2024-10-09","31600873.71","3.16","0.00","31326832.47","0.00"
"2024-10-10","31326832.47","3.13","0.00","31352005.40","0.00"
"2024-10-11","31327037.30","3.13","0.00","31561344.60","0.00"
"2024-10-14","31352045.99","3.14","0.00","31706961.57","0.00"
"2024-10-15","31560780.89","3.16","0.00","31225842.73","0.00"
"2024-10-16","31706250.19","3.17","0.00","31648364.50","0.00"
"2024-10-17","31226621.00","3.12","0.00","31462190.61","0.00"
"2024-10-18","31647458.93","3.16","0.00","31935099.75","0.00"
"2024-10-21","31461689.81","3.15","0.00","32125217.36","0.00"
"2024-10-22","31935236.42","3.19","0.00","32008717.59","0.00"
"2024-10-23","32124064.28","3.21","0.00","31884358.58","0.00"
"2024-10-24","32008047.01","3.20","0.00","32129947.21","0.00"
"2024-10-25","31884994.47","3.19","0.00","31917868.53","0.00"
"2024-10-28","32129768.76","3.21","0.00","31628784.31","0.00"
"2024-10-29","31919268.09","3.19","0.00","31586418.60","0.00"
"2024-10-30","31629314.37","3.16","0.00","31586492.10","0.00"
"2024-10-31","31586492.10","3.16","0.00","31602985.20","0.00"
"2024-11-01","31588152.36","3.16","0.00","31318349.37","0.00"
"2024-11-04","31602447.38","3.16","0.00","31555358.00","0.00"
"2024-11-05","31318041.75","3.13","0.00","31602079.69","0.00"
"2024-11-06","31554495.55","3.16","0.00","32248514.09","0.00"
"2024-11-07","31601965.48","3.16","0.00","32185969.81","0.00"
"2024-11-08","32248564.31","3.22","0.00","31792879.56","0.00"
"2024-11-11","32186715.52","3.22","0.00","31237341.91","0.00"
"2024-11-12","31792816.39","3.18","0.00","31308895.58","0.00"
"2024-11-13","31237302.92","3.12","0.00","30938935.78","0.00"
"2024-11-14","31309013.64","3.13","0.00","30853713.10","0.00"
"2024-11-15","30938976.00","3.09","0.00","30454481.51","0.00"
"2024-11-18","30854633.91","3.09","0.00","30912207.52","0.00"
"2024-11-19","30454047.22","3.05","0.00","30780255.10","0.00"
"2024-11-20","30912224.79","3.09","0.00","31582022.24","0.00"
"2024-11-21","30780691.07","3.08","0.00","31883184.89","0.00"
"2024-11-22","31582118.89","3.16","0.00","32120539.09","0.00"
"2024-11-25","31882520.48","3.19","0.00","31953403.84","0.00"
"2024-11-26","32120680.82","3.21","0.00","31148809.37","0.00"
"2024-11-27","31952745.97","3.20","0.00","30748505.74","0.00"
"2024-11-28","31148383.63","3.11","0.00","30985991.18","0.00"
"2024-11-29","30748834.43","3.07","0.00","31155290.47","0.00"
"2024-12-02","30986052.60","3.10","0.00","31672948.17","0.00"
"2024-12-03","31154045.49","3.12","0.00","31901299.29","0.00"
"2024-12-04","31673160.57","3.17","0.00","31890921.97","0.00"
"2024-12-05","31901236.55","3.19","0.00","31875714.95","0.00"
"2024-12-06","31891634.95","3.19","0.00","31776105.24","0.00"
"2024-12-09","31876413.27","3.19","0.00","31611013.32","0.00"
"2024-12-10","31776735.72","3.18","0.00","31072131.62","0.00"
"2024-12-11","31611625.26","3.16","0.00","31078354.84","0.00"
"2024-12-12","31071643.74","3.11","0.00","30641247.47","0.00"
"2024-12-13","31077003.47","3.11","0.00","30289522.12","0.00"
"2024-12-16","30639896.86","3.06","0.00","30177543.43","0.00"
"2024-12-17","30289933.79","3.03","0.00","30314044.42","0.00"
"2024-12-18","30178172.32","3.02","0.00","30018952.09","0.00"
"2024-12-19","30313949.00","3.03","0.00","29590205.74","0.00"
"2024-12-20","30019023.23","3.00","0.00","29927081.63","0.00"
"2024-12-23","29590108.35","2.96","0.00","29987517.81","0.00"
"2024-12-24","29927324.11","2.99","0.00","30177508.51","0.00"
"2024-12-25","29987383.40","3.00","0.00","30139776.64","0.00"
"2024-12-26","30177122.79","3.02","0.00","30286144.78","0.00"
"2024-12-27","30139266.64","3.01","0.00","30089597.18","0.00"
"2024-12-30","30285657.75","3.03","0.00","30033833.16","0.00"
"2024-12-31","30089543.99","3.01","0.00","30033493.93","0.00"
"2025-01-01","30033493.93","3.00","0.00","29909779.52","0.00"
"2025-01-02","30033600.07","3.00","0.00","29759787.61","0.00"
"2025-01-03","29908835.11","2.99","0.00","30281469.02","0.00"
"2025-01-06","29760238.67","2.98","0.00","30279184.44","0.00"
"2025-01-07","30281063.47","3.03","0.00","30321915.59","0.00"
"2025-01-08","30279037.13","3.03","0.00","29468708.35","0.00"
"2025-01-09","30321718.60","3.03","0.00","29281723.49","0.00"
"2025-01-10","29468768.37","2.95","0.00","28456198.32","0.00"
"2025-01-13","29282194.67","2.93","0.00","28901575.41","0.00"
"2025-01-14","28456852.51","2.85","0.00","28645600.08","0.00"
"2025-01-15","28901542.03","2.89","0.00","29079842.02","0.00"
"2025-01-16","28646854.51","2.86","0.00","29250018.51","0.00"
"2025-01-17","29080159.02","2.91","0.00","29789861.25","0.00"
"2025-01-20","29249918.07","2.92","0.00","29707864.16","0.00"
"2025-01-21","29789683.85","2.98","0.00","30092174.29","0.00"
"2025-01-22","29707295.83","2.97","0.00","30091115.10","0.00"
"2025-01-23","30091115.10","3.01","0.00","30091124.40","0.00"
"2025-01-24","30091124.40","3.01","0.00","30090154.68","0.00"
"2025-01-27","30090154.68","3.01","0.00","30090193.11","0.00"
"2025-01-28","30090193.11","3.01","0.00","30091185.77","0.00"
"2025-01-29","30091185.77","3.01","0.00","30091910.43","0.00"
"2025-01-30","30091910.43","3.01","0.00","30092731.57","0.00"
"2025-01-31","30092731.57","3.01","0.00","29122128.06","0.00"
"2025-02-03","30091135.06","3.01","0.00","29053888.63","0.00"
"2025-02-04","29121391.04","2.91","0.00","29525473.21","0.00"
"2025-02-05","29055043.35","2.91","0.00","29763584.93","0.00"
"2025-02-06","29525102.81","2.95","0.00","29873975.86","0.00"
"2025-02-07","29763495.98","2.98","0.00","29689716.22","0.00"
"2025-02-10","29874339.74","2.99","0.00","29818360.48","0.00"
"2025-02-11","29689268.45","2.97","0.00","29908465.59","0.00"
"2025-02-12","29818247.33","2.98","0.00","30623517.67","0.00"
"2025-02-13","29908088.81","2.99","0.00","30661995.25","0.00"
"2025-02-14","30623167.47","3.06","0.00","31037081.39","0.00"
"2025-02-17","30663181.17","3.07","0.00","30956713.77","0.00"
"2025-02-18","31036756.78","3.10","0.00","31417744.33","0.00"
"2025-02-19","30956995.91","3.10","0.00","31317018.99","0.00"
"2025-02-20","31416671.27","3.14","0.00","31552530.07","0.00"
"2025-02-21","31317042.15","3.13","0.00","31472273.27","0.00"
"2025-02-24","31552521.75","3.16","0.00","31476433.43","0.00"
"2025-02-25","31472808.59","3.15","0.00","31656424.05","0.00"
"2025-02-26","31475927.78","3.15","0.00","31461342.42","0.00"
"2025-02-27","31657530.49","3.17","0.00","31462115.23","0.00"
"2025-02-28","31462115.23","3.15","0.00","30888373.27","0.00"
"2025-03-03","31462091.08","3.15","0.00","31398118.20","0.00"
"2025-03-04","30886888.06","3.09","0.00","32029616.66","0.00"
"2025-03-05","31397129.19","3.14","0.00","31987841.56","0.00"
"2025-03-06","32029544.48","3.20","0.00","31653690.30","0.00"
"2025-03-07","31987178.72","3.20","0.00","31457542.25","0.00"
"2025-03-10","31653480.85","3.17","0.00","31059703.16","0.00"
"2025-03-11","31456719.48","3.15","0.00","31412410.52","0.00"
"2025-03-12","31060645.79","3.11","0.00","31098296.58","0.00"
"2025-03-13","31412680.13","3.14","0.00","31571412.43","0.00"
"2025-03-14","31098571.37","3.11","0.00","31733816.92","0.00"
"2025-03-17","31571283.65","3.16","0.00","31733816.92","0.00"
